objectid,topoid,poigroup,poitype,poiname,poilabel,urbanity,lon,lat,sa2_code,sa2_name
2296,500267049,3,Park,MARKS PARK,MARKS PARK,S,151.2751497989923,-33.89849878686277,118011339,Bondi - Tamarama - Bronte
2297,500267060,1,Cemetery,WAVERLEY CEMETERY,WAVERLEY CEMETERY,U,151.26691247511062,-33.90887602789484,118011339,Bondi - Tamarama - Bronte
2302,500267204,3,Park,HOGAN RESERVE,HOGAN RESERVE,U,151.26314284414116,-33.889040882839566,118011340,Bondi Beach - North Bondi
2310,500267504,1,Place Of Worship,THE CENTRAL SYNAGOGUE,THE CENTRAL SYNAGOGUE,U,151.25674450729176,-33.89036896822749,118011341,Bondi Junction - Waverly
2319,500267926,1,Post Office,BONDI BEACH POST OFFICE,BONDI BEACH POST OFFICE,U,151.2727491106843,-33.890777169953466,118011340,Bondi Beach - North Bondi
2320,500268048,1,Community Facility,CLOVELLY SENIOR CITIZENS CENTRE,CLOVELLY SENIOR CITIZENS CENTRE,U,151.25896997650867,-33.909288828186334,118021651,Coogee - Clovelly
27164,504395148,1,Place Of Worship,ST STEPHEN'S CHURCH,ST STEPHEN'S CHURCH,U,151.25885801677987,-33.888059569496754,118011649,Bellevue Hill
27165,504395149,1,Place Of Worship,BET YOSEF (THE CARO SYNAGOGUE),BET YOSEF (THE CARO SYNAGOGUE),U,151.26158844518764,-33.88844205366172,118011339,Bondi - Tamarama - Bronte
27166,504395152,1,Local Government Chambers,WAVERLEY COUNCIL,WAVERLEY COUNCIL,U,151.2565713228848,-33.893279240964354,118011341,Bondi Junction - Waverly
27167,504395153,3,Sports Court,,NETBALL COURT,U,151.25662292930127,-33.89562938987781,118011341,Bondi Junction - Waverly
27172,504395162,3,Park,MARLBOROUGH RESERVE,MARLBOROUGH RESERVE,U,151.25943408660868,-33.8995917741492,118011339,Bondi - Tamarama - Bronte
27173,504395166,1,Place Of Worship,BONDI PRESBYTERIAN CHURCH,BONDI PRESBYTERIAN CHURCH,U,151.2674287467859,-33.893457686675625,118011339,Bondi - Tamarama - Bronte
27174,504395167,3,Historic Site,BRONTE HOUSE,BRONTE HOUSE,U,151.2643160942079,-33.90231467290214,118011339,Bondi - Tamarama - Bronte
27175,504395171,3,Club,BRONTE RSL CLUB,BRONTE RSL CLUB,U,151.26258892317406,-33.90624027753861,118011339,Bondi - Tamarama - Bronte
27247,504395293,1,Place Of Worship,NEFESH SHUL SYNAGOGUE,NEFESH SHUL SYNAGOGUE,U,151.27185191470102,-33.88825161381057,118011340,Bondi Beach - North Bondi
27252,504395316,3,Club,BONDI ICEBERGS CLUB,BONDI ICEBERGS CLUB,S,151.27438126331722,-33.89522145744081,118011340,Bondi Beach - North Bondi
27253,504395320,3,Park,,Park,U,151.2701428869409,-33.89351672358032,118011340,Bondi Beach - North Bondi
27254,504395322,3,Park,BOONDI RESERVE,BOONDI RESERVE,U,151.27239836797315,-33.89535048465325,118011340,Bondi Beach - North Bondi
27255,504395323,3,Park,HUNTER PARK,HUNTER PARK,U,151.27353680203444,-33.895675079626876,118011340,Bondi Beach - North Bondi
27256,504395325,1,Community Facility,TAMARAMA SLSC,TAMARAMA SLSC,U,151.27130038774413,-33.900023497564426,118011339,Bondi - Tamarama - Bronte
27257,504395327,3,Park,TAMARAMA PARK,TAMARAMA PARK,U,151.26842391842393,-33.898497872725464,118011339,Bondi - Tamarama - Bronte
27258,504395330,1,Community Facility,BRONTE SLSC,BRONTE SLSC,U,151.26766005309014,-33.90332913490697,118011339,Bondi - Tamarama - Bronte
27260,504395332,3,Park,BRONTE PARK,BRONTE PARK,U,151.26575146009813,-33.902535177865055,118011339,Bondi - Tamarama - Bronte
27261,504395337,3,Park,CALGA RESERVE,CALGA RESERVE,U,151.2693273172743,-33.907313409289095,118011339,Bondi - Tamarama - Bronte
27265,504395345,3,Park,BURNIE PARK,BURNIE PARK,U,151.26002600541398,-33.910239718469356,118021651,Coogee - Clovelly
27269,504395350,3,Park,MACPHERSON PARK,MACPHERSON PARK,U,151.25988563826093,-33.90601139982654,118011339,Bondi - Tamarama - Bronte
27270,504395351,3,Park,SIMPSON PARK,SIMPSON PARK,U,151.25777783936311,-33.905584974141014,118011341,Bondi Junction - Waverly
27272,504395357,3,Sports Field,,BOWLING GREENS,U,151.25846074223534,-33.89741185056451,118011341,Bondi Junction - Waverly
27273,504395358,3,Sports Field,,FOOTBALL FIELD,U,151.2585769959112,-33.89594121158263,118011341,Bondi Junction - Waverly
27274,504395359,3,Park,WAVERLEY PARK,WAVERLEY PARK,U,151.25766656954042,-33.89490782563114,118011341,Bondi Junction - Waverly
27275,504395360,3,Sports Field,WAVERLEY OVAL,WAVERLEY OVAL,U,151.25876683508355,-33.89440204183734,118011341,Bondi Junction - Waverly
27280,504395372,1,Place Of Worship,THE YESHIVA CENTRE,THE YESHIVA CENTRE,U,151.2594008839774,-33.891733080103535,118011339,Bondi - Tamarama - Bronte
27281,504395374,3,Park,DICKSON PARK,DICKSON PARK,U,151.26419988544782,-33.89092625927989,118011339,Bondi - Tamarama - Bronte
27282,504395375,2,Primary School,MONTESSORI EAST,MONTESSORI EAST,U,151.263900757238,-33.89316800683909,118011339,Bondi - Tamarama - Bronte
27283,504395376,1,Place Of Worship,ST PATRICK'S CATHOLIC CHURCH,ST PATRICK'S CATHOLIC CHURCH,U,151.26373392841163,-33.89374079619825,118011339,Bondi - Tamarama - Bronte
27289,504395394,1,Post Office,BONDI POST OFFICE,BONDI POST OFFICE,U,151.26267240541006,-33.893947021467724,118011339,Bondi - Tamarama - Bronte
27291,504395398,3,Park,GAERLOCH RESERVE,GAERLOCH RESERVE,U,151.27197677423732,-33.89922591809043,118011339,Bondi - Tamarama - Bronte
27298,504395409,2,Primary School,WAVERLEY COLLEGE WATERFORD CAMPUS,WAVERLEY COLLEGE WATERFORD CAMPUS,U,151.25736941313264,-33.90020857628482,118011341,Bondi Junction - Waverly
27299,504395410,1,Place Of Worship,ST MATTHEW'S ANGLICAN CHURCH,ST MATTHEW'S ANGLICAN CHURCH,U,151.2629585170314,-33.89260877974208,118011339,Bondi - Tamarama - Bronte
28019,504465719,1,Police Station,BONDI BEACH POLICE STATION,BONDI BEACH POLICE STATION,U,151.27386699937665,-33.89011800355613,118011340,Bondi Beach - North Bondi
51865,511714573,6,Beach,BRONTE BEACH,BRONTE BEACH,S,151.2684020462434,-33.90373275638351,118011339,Bondi - Tamarama - Bronte
51866,511714574,6,Beach,TAMARAMA BEACH,TAMARAMA BEACH,U,151.27062326732735,-33.900375754759594,118011339,Bondi - Tamarama - Bronte
51868,511714576,7,Headland,MACKENZIES POINT,MACKENZIES POINT,S,151.27576416310328,-33.898734897908476,118011339,Bondi - Tamarama - Bronte
51872,511714581,6,Bay / Inlet / Basin,TAMARAMA BAY,TAMARAMA BAY,S,151.27091528627,-33.900430999927245,118011339,Bondi - Tamarama - Bronte
53085,511748493,8,Suburb,BONDI BEACH,BONDI BEACH,U,151.26998727268258,-33.88995277063826,118011340,Bondi Beach - North Bondi
53093,511749312,8,Suburb,BONDI,BONDI,U,151.26219179235997,-33.89524266608929,118011339,Bondi - Tamarama - Bronte
53094,511749313,8,Suburb,TAMARAMA,TAMARAMA,U,151.27101862307038,-33.899358585317614,118011339,Bondi - Tamarama - Bronte
53095,511749314,8,Suburb,BRONTE,BRONTE,U,151.261051968605,-33.90484268527411,118011339,Bondi - Tamarama - Bronte
62976,512181845,6,Rock Awash,BOOT ROCK,BOOT ROCK,S,151.27496949723326,-33.89598700853787,118011340,Bondi Beach - North Bondi
67091,512721966,1,Psychiatric Hospital,THE SYDNEY CLINIC,THE SYDNEY CLINIC,U,151.26098236354355,-33.9014791310334,118011339,Bondi - Tamarama - Bronte
108325,515683055,1,Place Of Worship,ST LUKE'S ANGLICAN CHURCH,ST LUKE'S ANGLICAN CHURCH,U,151.25923816135025,-33.90801034915092,118021651,Coogee - Clovelly
108326,515683082,1,Place Of Worship,ST ANTHONY'S CATHOLIC CHURCH,ST ANTHONY'S CATHOLIC CHURCH,U,151.25835216107035,-33.9110828428504,118021651,Coogee - Clovelly
108583,515698190,1,Place Of Worship,LUGAR BRAE UNITING CHURCH,LUGAR BRAE UNITING CHURCH,U,151.25718660148078,-33.904181654055314,118011339,Bondi - Tamarama - Bronte
109257,515790451,1,Retirement Village,BONDI BEACH ASTRA RETIREMENT VILLAGE,BONDI BEACH ASTRA RETIREMENT VILLAGE,U,151.27278073587382,-33.893901968337325,118011340,Bondi Beach - North Bondi
109450,515792071,1,Nursing Home,UNITING ILLOWRA WAVERLEY,UNITING ILLOWRA WAVERLEY,U,151.2597298084069,-33.89758298190838,118011341,Bondi Junction - Waverly
115830,517014504,2,Primary School,ST ANTHONY'S CATHOLIC PRIMARY SCHOOL,ST ANTHONY'S CATHOLIC PRIMARY SCHOOL,U,151.25863331668629,-33.910756383841786,118021651,Coogee - Clovelly
115833,517014507,2,Primary School,CLOVELLY PUBLIC SCHOOL,CLOVELLY PUBLIC SCHOOL,U,151.26008063196642,-33.906958821086825,118011339,Bondi - Tamarama - Bronte
115835,517014509,2,Primary School,BONDI PUBLIC SCHOOL,BONDI PUBLIC SCHOOL,U,151.2646224026518,-33.892938214884616,118011339,Bondi - Tamarama - Bronte
115838,517014512,2,Primary School,BRONTE PUBLIC SCHOOL,BRONTE PUBLIC SCHOOL,U,151.26256256031544,-33.900718026084164,118011339,Bondi - Tamarama - Bronte
117955,517102982,1,Post Office,TAMARAMA POST OFFICE,TAMARAMA POST OFFICE,U,151.27113787981426,-33.89721530682393,118011339,Bondi - Tamarama - Bronte
120123,517208149,1,Retirement Village,LIFESTYLE MANOR BONDI,LIFESTYLE MANOR BONDI,U,151.2594072844738,-33.89131473114752,118011339,Bondi - Tamarama - Bronte
120692,517210923,1,Nursing Home,ADVANTAGED CARE AT BONDI WATERS,ADVANTAGED CARE AT BONDI WATERS,U,151.2683642002205,-33.88878539152495,118011340,Bondi Beach - North Bondi
128927,517417642,1,Community Medical Centre,CLOVELLY COMMUNITY CHILD HEALTH CENTRE,CLOVELLY COMMUNITY CHILD HEALTH CENTRE,U,151.25896394432155,-33.908910682595604,118021651,Coogee - Clovelly
130564,517467176,3,Club,WAVERLEY BOWLING AND RECREATION CLUB,WAVERLEY BOWLING AND RECREATION CLUB,U,151.2582387487657,-33.89770310865759,118011341,Bondi Junction - Waverly
132371,517571629,1,Community Medical Centre,BENEVOLENT SOCIETY EASTERN SYDNEY SCARBA SERVICES,BENEVOLENT SOCIETY EASTERN SYDNEY SCARBA SERVICES,U,151.2632327349584,-33.89172211704186,118011339,Bondi - Tamarama - Bronte
133869,517590210,3,Park,MEMORIAL GARDENS,MEMORIAL GARDENS,U,151.25728205017464,-33.89331956985159,118011341,Bondi Junction - Waverly
133870,517590211,3,Monument,ANZAC MEMORIAL,ANZAC MEMORIAL,U,151.25724635561684,-33.89342902013612,118011341,Bondi Junction - Waverly
133871,517590220,3,Park,HEWLETT ST RESERVE,HEWLETT ST RESERVE,U,151.2650266777673,-33.90099709269806,118011339,Bondi - Tamarama - Bronte
133876,517590234,3,Sports Court,BONDI SKATE PARK,BONDI SKATE PARK,S,151.27430894175038,-33.89222448510634,118011340,Bondi Beach - North Bondi
133877,517590242,3,Sports Centre,MARGARET WHITLAM RECREATION CENTRE,MARGARET WHITLAM RECREATION CENTRE,U,151.25792731363646,-33.89411925514535,118011341,Bondi Junction - Waverly
133892,517590391,3,Sports Court,,NETBALL COURTS,U,151.2574001507867,-33.89646901032567,118011341,Bondi Junction - Waverly
133937,517590475,1,Community Facility,THOMAS HOGAN RESERVE COMMUNITY HALL,THOMAS HOGAN RESERVE COMMUNITY HALL,U,151.26370063594888,-33.889194525506255,118011340,Bondi Beach - North Bondi
133944,517590487,1,Community Facility,SCHOOL OF ARTS COMMUNITY HALL,SCHOOL OF ARTS COMMUNITY HALL,U,151.2602117482686,-33.89317493637296,118011339,Bondi - Tamarama - Bronte
139099,518230034,1,Nursing Home,ST VINCENTS CARE SERVICES BRONTE,ST VINCENTS CARE SERVICES BRONTE,U,151.26046177097177,-33.90343835239745,118011339,Bondi - Tamarama - Bronte
149183,518402984,6,Beach,MCKENZIES BAY BEACH,MCKENZIES BAY BEACH,U,151.27208021883553,-33.89965326659376,118011339,Bondi - Tamarama - Bronte
161917,504395331,3,Swimming Pool Facility,BRONTE BATHS,BRONTE BATHS,S,151.26933998351979,-33.905248242532004,118011339,Bondi - Tamarama - Bronte
163765,500267571,3,Swimming Pool Facility,BONDI BATHS,BONDI BATHS,S,151.2746266165775,-33.89514112207785,118011340,Bondi Beach - North Bondi
163859,514181350,3,Swimming Pool Facility,BRONTE BOGEY HOLE,BRONTE BOGEY HOLE,S,151.26879856799974,-33.90461607556866,118011339,Bondi - Tamarama - Bronte
2300,500267160,3,Park,WILLIAMS PARK,WILLIAMS PARK,S,151.28474293306425,-33.8869172358232,118011340,Bondi Beach - North Bondi
2301,500267182,3,Park,BIDDIGAL RESERVE,BIDDIGAL RESERVE,U,151.28281434177737,-33.89110141545346,118011340,Bondi Beach - North Bondi
2311,500267548,5,Sewage Works,BONDI SEWERAGE TREATMENT PLANT,BONDI SEWERAGE TREATMENT PLANT,S,151.28422011806043,-33.88461912225494,118011340,Bondi Beach - North Bondi
2316,500267870,1,Community Facility,BONDI SURF BATHERS LSC,BONDI SURF BATHERS LSC,S,151.27794594185798,-33.89006222971752,118011340,Bondi Beach - North Bondi
2318,500267915,3,Sports Court,,BASKETBALL COURT,U,151.27616671794505,-33.88577598606908,118011340,Bondi Beach - North Bondi
2323,500269097,3,Park,BAMFORD RESERVE,BAMFORD RESERVE,U,151.28375921764098,-33.883864740446604,118011340,Bondi Beach - North Bondi
2324,500269108,3,Golf Course,BONDI GOLF COURSE,BONDI GOLF COURSE,S,151.28444030052646,-33.88806477758496,118011340,Bondi Beach - North Bondi
2325,500269119,3,Park,BONDI PARK,BONDI PARK,S,151.27840079212405,-33.88972811536887,118011340,Bondi Beach - North Bondi
27163,504395146,3,Club,EASTERN SUBURBS DISTRICT RUGBY UNION FOOTBALL CLUB,EASTERN SUBURBS DISTRICT RUGBY UNION FOOTBALL CLUB,U,151.26308003303825,-33.8785229252786,118011346,Rose Bay - Vaucluse - Watsons Bay
27223,504395258,3,Golf Course,ROYAL SYDNEY GOLF COURSE,ROYAL SYDNEY GOLF COURSE,U,151.26732951528632,-33.879465245692565,118011346,Rose Bay - Vaucluse - Watsons Bay
27225,504395260,3,Sports Field,WOOLLAHRA OVAL,WOOLLAHRA OVAL,U,151.26367816369375,-33.87830662496646,118011346,Rose Bay - Vaucluse - Watsons Bay
27230,504395266,3,Park,O'DONNELL STREET COMMUNITY RESERVE,O'DONNELL STREET COMMUNITY RESERVE,U,151.2797436683709,-33.884509797137596,118011340,Bondi Beach - North Bondi
27231,504395267,2,High School,REDDAM HOUSE BONDI CAMPUS,REDDAM HOUSE BONDI CAMPUS,U,151.27631010523407,-33.885011098757936,118011340,Bondi Beach - North Bondi
27232,504395269,1,Place Of Worship,SAINT ANNE'S CHURCH,SAINT ANNE'S CHURCH,U,151.27574732867487,-33.885197056475704,118011340,Bondi Beach - North Bondi
27234,504395271,3,Park,GILGANDRA RESERVE,GILGANDRA RESERVE,U,151.2720724555948,-33.8826778284933,118011340,Bondi Beach - North Bondi
27235,504395272,3,Club,BONDI BOWLING CLUB,BONDI BOWLING CLUB,U,151.2706976675958,-33.88465111480362,118011340,Bondi Beach - North Bondi
27236,504395273,3,Sports Field,,BOWLING GREENS,U,151.2706000324025,-33.884291945926655,118011340,Bondi Beach - North Bondi
27237,504395274,1,Place Of Worship,NORTH BONDI WESLEY UNITING CHURCH,NORTH BONDI WESLEY UNITING CHURCH,U,151.27199527593885,-33.88444007562302,118011340,Bondi Beach - North Bondi
27238,504395275,1,Place Of Worship,BONDI MIZRACHI SYNAGOGUE,BONDI MIZRACHI SYNAGOGUE,U,151.26921877294015,-33.88404877960546,118011340,Bondi Beach - North Bondi
27239,504395276,3,Park,BARRACLUFF PARK,BARRACLUFF PARK,U,151.26967021679462,-33.883853069399024,118011340,Bondi Beach - North Bondi
27240,504395279,3,Park,WAIROA RESERVE,WAIROA RESERVE,U,151.27925478183707,-33.88664923077461,118011340,Bondi Beach - North Bondi
27241,504395280,1,Community Medical Centre,BONDI BEACH EARLY CHILDHOOD HEALTH CENTRE,BONDI BEACH EARLY CHILDHOOD HEALTH CENTRE,U,151.27902010505392,-33.887093601592966,118011340,Bondi Beach - North Bondi
27242,504395281,1,Ambulance Station,BONDI AMBULANCE STATION,BONDI AMBULANCE STATION,U,151.27873600026888,-33.88745500255353,118011340,Bondi Beach - North Bondi
27243,504395282,5,Filtration Plant,,Filtration Plant,U,151.28363676019978,-33.88538656425865,118011340,Bondi Beach - North Bondi
27244,504395288,1,Place Of Worship,ST ANDREW'S ANGLICAN CHURCH,ST ANDREW'S ANGLICAN CHURCH,U,151.2787151503712,-33.88801711581054,118011340,Bondi Beach - North Bondi
27245,504395290,3,Club,NORTH BONDI RSL CLUB,NORTH BONDI RSL CLUB,U,151.28266308434814,-33.89038852785576,118011340,Bondi Beach - North Bondi
27246,504395292,1,Community Facility,NORTH BONDI SLSC,NORTH BONDI SLSC,U,151.28106859807505,-33.8900391652254,118011340,Bondi Beach - North Bondi
27248,504395294,3,Sports Court,,TENNIS COURTS,U,151.2678008146035,-33.88802757673486,118011340,Bondi Beach - North Bondi
27249,504395295,1,Community Facility,MACCABI TENNIS CLUB,MACCABI TENNIS CLUB,U,151.26768088502158,-33.8876673773187,118011340,Bondi Beach - North Bondi
27250,504395314,3,Park,,Park,U,151.28350087564,-33.890923731383744,118011340,Bondi Beach - North Bondi
27251,504395315,3,Park,RAY O'KEEFE RESERVE,RAY O'KEEFE RESERVE,S,151.28319129553185,-33.8930087974179,118011340,Bondi Beach - North Bondi
27294,504395402,3,Park,GARARRA RESERVE,GARARRA RESERVE,S,151.28354879716713,-33.893455965669425,118011340,Bondi Beach - North Bondi
27295,504395403,2,High School,WAYS SECONDARY,WAYS SECONDARY,U,151.27917970873048,-33.886912556385454,118011340,Bondi Beach - North Bondi
30375,504650841,3,Park,WOOLLAHRA PARK,WOOLLAHRA PARK,U,151.2625498850867,-33.87804376502503,118011346,Rose Bay - Vaucluse - Watsons Bay
51912,511715340,6,Beach,BONDI BEACH,BONDI BEACH,S,151.27774713031258,-33.89129183701112,118011340,Bondi Beach - North Bondi
51913,511715342,7,Headland,BEN BUCKLER,BEN BUCKLER,S,151.2837794845321,-33.89324246145602,118011340,Bondi Beach - North Bondi
51914,511715343,7,Gap / Pass / Saddle,MERIVERIE PASS,MERIVERIE PASS,S,151.28536382343574,-33.88803284746529,118011340,Bondi Beach - North Bondi
53084,511748492,8,Suburb,NORTH BONDI,NORTH BONDI,U,151.27663926232722,-33.88207775321481,118011340,Bondi Beach - North Bondi
53125,511751583,8,Urban Place,BEN BUCKLER,BEN BUCKLER,U,151.28375956708567,-33.89028449190881,118011340,Bondi Beach - North Bondi
62977,512181850,6,Rock Awash,MERMAID ROCKS,MERMAID ROCKS,S,151.2829508192252,-33.89320405114683,118011340,Bondi Beach - North Bondi
106768,515398674,3,Park,SAM FISZMAN PARK,SAM FISZMAN PARK,U,151.28368478952473,-33.893110727244185,118011340,Bondi Beach - North Bondi
115600,517014267,2,Primary School,BONDI BEACH PUBLIC SCHOOL,BONDI BEACH PUBLIC SCHOOL,U,151.27694928171158,-33.88831761556734,118011340,Bondi Beach - North Bondi
115832,517014506,2,Primary School,GALILEE CATHOLIC PRIMARY SCHOOL,GALILEE CATHOLIC PRIMARY SCHOOL,U,151.27527255197919,-33.88521815799276,118011340,Bondi Beach - North Bondi
115961,517014638,2,Special School,WAIROA SCHOOL,WAIROA SCHOOL,U,151.27818817526932,-33.886448984284975,118011340,Bondi Beach - North Bondi
130141,517458163,3,Club,BONDI GOLF AND DIGGERS CLUB,BONDI GOLF AND DIGGERS CLUB,U,151.2835759936624,-33.88811704637017,118011340,Bondi Beach - North Bondi
130948,517474510,3,Club,WOOLLAHRA GOLF CLUB,WOOLLAHRA GOLF CLUB,U,151.26319903016895,-33.8792977540147,118011346,Rose Bay - Vaucluse - Watsons Bay
133940,517590478,1,Community Facility,WAIROA COMMUNITY CENTRE HALL,WAIROA COMMUNITY CENTRE HALL,U,151.27902010505392,-33.887093601592966,118011340,Bondi Beach - North Bondi
136896,517686608,1,Community Facility,BONDI PAVILION,BONDI PAVILION,S,151.27691979900388,-33.890286284566024,118011340,Bondi Beach - North Bondi
150336,518409811,3,Park,WARREN ZINES RESERVE,WARREN ZINES RESERVE,U,151.28036327594822,-33.88105884415093,118011340,Bondi Beach - North Bondi
160429,504395270,1,Fire Station,BONDI FIRE STATION,BONDI FIRE STATION,U,151.26989970311206,-33.88231076258231,118011340,Bondi Beach - North Bondi
162392,504395264,2,High School,ROSE BAY SECONDARY COLLEGE,ROSE BAY SECONDARY COLLEGE,U,151.2768036531259,-33.878373970893804,118011344,Dover Heights
163831,504465718,3,Swimming Pool Facility,WALLY WEEKES BATHING POOL,WALLY WEEKES BATHING POOL,S,151.28230455144688,-33.89153718097084,118011340,Bondi Beach - North Bondi
163858,514181349,3,Swimming Pool Facility,NORTH BONDI CHILDRENS POOL,NORTH BONDI CHILDRENS POOL,U,151.28234818801016,-33.891205173007435,118011340,Bondi Beach - North Bondi
2501,500294605,1,Community Facility,EASTERN SUBURBS DISABLED COMMUNITY SERVICE,EASTERN SUBURBS DISABLED COMMUNITY SERVICE,U,151.2428538167309,-33.89895193380344,118011341,Bondi Junction - Waverly
2502,500294616,3,Park,QUEENS PARK,QUEENS PARK,U,151.2482628614158,-33.901336693767924,118011341,Bondi Junction - Waverly
2583,500300582,3,Park,RANDWICK PEACE PARK,RANDWICK PEACE PARK,U,151.24390816039676,-33.90597123201841,118021569,Randwick - North
2589,500300693,3,Park,CADIGAL RESERVE,CADIGAL RESERVE,U,151.24249159085556,-33.892006140567105,118011341,Bondi Junction - Waverly
2590,500300704,2,Combined Primary-Secondary School,MORIAH COLLEGE,MORIAH COLLEGE,U,151.24389122715365,-33.89971148798002,118011341,Bondi Junction - Waverly
25910,504377180,6,Manmade Waterbody,MODEL YACHT POND,MODEL YACHT POND,U,151.24154833824767,-33.89887748864494,118011342,Centennial Park
25916,504377187,6,Manmade Waterbody,MUSGRAVE POND,MUSGRAVE POND,U,151.2421596193406,-33.90187810874751,118011341,Bondi Junction - Waverly
26803,504379239,3,Park,CLEMENTSON PARK,CLEMENTSON PARK,U,151.24633010194609,-33.89347859078382,118011341,Bondi Junction - Waverly
26804,504379240,1,Shopping Centre,EASTGATE SHOPPING CENTRE,EASTGATE SHOPPING CENTRE,U,151.24804674921637,-33.89287650731729,118011341,Bondi Junction - Waverly
26805,504379241,1,Community Medical Centre,WAVERLEY EARLY CHILDHOOD HEALTH CENTRE,WAVERLEY EARLY CHILDHOOD HEALTH CENTRE,U,151.24661896600546,-33.893872970125656,118011341,Bondi Junction - Waverly
26806,504379242,1,Child Care Centre,THE GRACE CHILD CARE CENTRE,THE GRACE CHILD CARE CENTRE,U,151.24636954337691,-33.89389249390408,118011341,Bondi Junction - Waverly
26807,504379243,1,Child Care Centre,WAVERLEY CHILD CARE CENTRE,WAVERLEY CHILD CARE CENTRE,U,151.24618576423947,-33.893859111916434,118011341,Bondi Junction - Waverly
26808,504379244,1,Library,BONDI JUNCTION CENTRAL LIBRARY,BONDI JUNCTION CENTRAL LIBRARY,U,151.24509637100618,-33.892815355233616,118011341,Bondi Junction - Waverly
26809,504379245,1,Post Office,BONDI JUNCTION POST OFFICE,BONDI JUNCTION POST OFFICE,U,151.24825806531052,-33.89282800338121,118011341,Bondi Junction - Waverly
26810,504379246,1,Shopping Centre,BONDI JUNCTION PLAZA,BONDI JUNCTION PLAZA,U,151.25031629427264,-33.8914791754727,118011341,Bondi Junction - Waverly
26811,504379247,3,Club,EASTERN SUBURBS LEAGUES CLUB,EASTERN SUBURBS LEAGUES CLUB,U,151.2489662198254,-33.89277923022861,118011341,Bondi Junction - Waverly
26812,504379249,1,Place Of Worship,,SALVATION ARMY CHURCH,U,151.24903979633874,-33.89489496229697,118011341,Bondi Junction - Waverly
26813,504379252,1,Nursing Home,THE LITTLE SISTERS OF THE POOR MOUNT ST JOSEPH'S HOME,THE LITTLE SISTERS OF THE POOR MOUNT ST JOSEPH'S HOME,U,151.24493193619008,-33.90622232225986,118021569,Randwick - North
26814,504379253,1,Place Of Worship,ST MARGARET MARY'S CHURCH,ST MARGARET MARY'S CHURCH,U,151.24471327816508,-33.90523624859766,118021569,Randwick - North
27168,504395157,1,Place Of Worship,JUBILEE CHURCH,JUBILEE CHURCH,U,151.254433826582,-33.90010729244029,118011341,Bondi Junction - Waverly
27169,504395158,1,Place Of Worship,MARY IMMACULATE CHURCH,MARY IMMACULATE CHURCH,U,151.25498015409005,-33.90079920394695,118011341,Bondi Junction - Waverly
27170,504395160,1,Court House,WAVERLEY COURT HOUSE,WAVERLEY COURT HOUSE,U,151.25183679979054,-33.898112322890064,118011341,Bondi Junction - Waverly
27171,504395161,1,Police Station,WAVERLEY POLICE STATION,WAVERLEY POLICE STATION,U,151.25184799639223,-33.897903005122416,118011341,Bondi Junction - Waverly
27179,504395183,3,Park,WAVERLEY CRESCENT RESERVE,WAVERLEY CRESCENT RESERVE,U,151.25384029440244,-33.89189728202067,118011341,Bondi Junction - Waverly
27266,504395347,3,Club,BRONTE BOWLING CLUB,BRONTE BOWLING CLUB,U,151.25544366321705,-33.90616165392229,118011341,Bondi Junction - Waverly
27267,504395348,3,Park,VARNA PARK,VARNA PARK,U,151.2564161479026,-33.90653652753631,118011341,Bondi Junction - Waverly
27268,504395349,3,Sports Field,,BOWLING GREENS,U,151.25535004349308,-33.905876178220424,118011341,Bondi Junction - Waverly
27271,504395356,2,High School,WAVERLEY COLLEGE,WAVERLEY COLLEGE,U,151.2562200160317,-33.89738286995031,118011341,Bondi Junction - Waverly
27276,504395364,1,Community Medical Centre,MENTAL HEALTH SERVICES BONDI JUNCTION,MENTAL HEALTH SERVICES BONDI JUNCTION,U,151.25385919944753,-33.8934903335901,118011341,Bondi Junction - Waverly
27277,504395365,1,Place Of Worship,HOLY CROSS CHURCH,HOLY CROSS CHURCH,U,151.2517031026285,-33.89018482115436,118011347,Woollahra
27279,504395369,2,Combined Primary-Secondary School,REDDAM HOUSE,REDDAM HOUSE,U,151.25260045042702,-33.88980906954323,118011347,Woollahra
27292,504395399,3,Park,EORA PARK,EORA PARK,U,151.252322038266,-33.892408264630184,118011341,Bondi Junction - Waverly
29099,504594058,3,Park,OXFORD MALL,OXFORD MALL,U,151.24919430836428,-33.89152221130866,118011341,Bondi Junction - Waverly
53092,511749311,8,Suburb,BONDI JUNCTION,BONDI JUNCTION,U,151.24944489700601,-33.89402669356808,118011341,Bondi Junction - Waverly
53096,511749315,8,Suburb,WAVERLEY,WAVERLEY,U,151.25486516434376,-33.90275103873155,118011341,Bondi Junction - Waverly
53097,511749316,8,Suburb,QUEENS PARK,QUEENS PARK,U,151.24505129174864,-33.90129043890411,118011341,Bondi Junction - Waverly
53141,511751708,8,Urban Place,MILL HILL,MILL HILL,U,151.24778436389826,-33.897534989171675,118011341,Bondi Junction - Waverly
53901,511797488,8,Urban Place,CHARING CROSS,CHARING CROSS,U,151.25390603670814,-33.89896066503529,118011341,Bondi Junction - Waverly
70412,512862323,2,High School,ST CLARE'S COLLEGE,ST CLARE'S COLLEGE,U,151.2536448793871,-33.89849862580756,118011341,Bondi Junction - Waverly
70590,512862566,1,Community Facility,MILL HILL COMMUNITY CENTRE,MILL HILL COMMUNITY CENTRE,U,151.24618129062938,-33.89247648976665,118011341,Bondi Junction - Waverly
70593,512862569,1,Community Facility,RANDWICK LITERARY INSTITUTE,RANDWICK LITERARY INSTITUTE,U,151.24652299808534,-33.90640400418745,118021569,Randwick - North
108271,515681078,3,Club,EASTERN SUBURBS LEGION CLUB,EASTERN SUBURBS LEGION CLUB,U,151.2538895157918,-33.901179016898126,118011341,Bondi Junction - Waverly
108582,515698161,1,Place Of Worship,SAINT MARY'S ANGLICAN CHURCH,SAINT MARY'S ANGLICAN CHURCH,U,151.25536079183547,-33.89617222203371,118011341,Bondi Junction - Waverly
108612,515698736,1,Place Of Worship,,SYNAGOGUE,U,151.25399616018902,-33.888817599512954,118011347,Woollahra
108614,515698745,1,Place Of Worship,EMANUEL SYNAGOGUE,EMANUEL SYNAGOGUE,U,151.2409732457859,-33.88881629973954,118011347,Woollahra
108615,515698747,1,Place Of Worship,,SEVENTH DAY ADVENTIST CHURCH,U,151.2453950329904,-33.88925647585498,118011347,Woollahra
109293,515790754,1,Nursing Home,CHARINGFIELD,CHARINGFIELD,U,151.25547790609733,-33.90133735660725,118011341,Bondi Junction - Waverly
109318,515790934,1,Nursing Home,UNITING EDINA WAVERLEY,UNITING EDINA WAVERLEY,U,151.25181612955583,-33.89669299316615,118011341,Bondi Junction - Waverly
109337,515791151,1,Retirement Village,QUEENS PARK ASSISTED LIVING,QUEENS PARK ASSISTED LIVING,U,151.25342522602875,-33.90329050919377,118011341,Bondi Junction - Waverly
109349,515791210,1,Nursing Home,SUMMITCARE WAVERLEY,SUMMITCARE WAVERLEY,U,151.25621219979038,-33.90350542051307,118011341,Bondi Junction - Waverly
109508,515793718,1,Nursing Home,WOOLLAHRA MONTEFIORE HOME,WOOLLAHRA MONTEFIORE HOME,U,151.24324769384705,-33.888921231583005,118011347,Woollahra
113731,516877520,1,General Hospital,BONDI JUNCTION PRIVATE HOSPITAL,BONDI JUNCTION PRIVATE HOSPITAL,U,151.2456711059385,-33.89248585697953,118011341,Bondi Junction - Waverly
115834,517014508,2,Primary School,HOLY CROSS PRIMARY SCHOOL,HOLY CROSS PRIMARY SCHOOL,U,151.25302928727908,-33.88900690089455,118011347,Woollahra
115925,517014602,2,Combined Primary-Secondary School,ST CATHERINE'S SCHOOL,ST CATHERINE'S SCHOOL,U,151.2550199629318,-33.904368768860294,118011341,Bondi Junction - Waverly
115926,517014603,2,Combined Primary-Secondary School,EMANUEL SCHOOL,EMANUEL SCHOOL,U,151.24371934260884,-33.90687869211707,118021569,Randwick - North
116673,517015402,2,Primary School,ST MARGARET MARY'S CATHOLIC PRIMARY SCHOOL,ST MARGARET MARY'S CATHOLIC PRIMARY SCHOOL,U,151.24509142308565,-33.9055197164008,118021569,Randwick - North
117063,517015827,2,Primary School,WAVERLEY PUBLIC SCHOOL,WAVERLEY PUBLIC SCHOOL,U,151.25168944104965,-33.89847443173657,118011341,Bondi Junction - Waverly
117965,517108457,1,Post Office,WAVERLEY POST OFFICE,WAVERLEY POST OFFICE,U,151.25398588705548,-33.900681883549744,118011341,Bondi Junction - Waverly
120124,517208170,1,Retirement Village,MAYFLOWER,MAYFLOWER,U,151.2540438481542,-33.893160100473644,118011341,Bondi Junction - Waverly
120126,517208177,1,Retirement Village,CONRAD BEARD COURT,CONRAD BEARD COURT,U,151.25253070163512,-33.89697776068904,118011341,Bondi Junction - Waverly
123026,517259431,3,Park,BLESSED MARY MACKILLOP PLACE,BLESSED MARY MACKILLOP PLACE,U,151.24635613332637,-33.90617807634522,118021569,Randwick - North
123696,517332325,1,Embassy,CONSULATE-GENERAL OF THE NETHERLANDS,CONSULATE-GENERAL OF THE NETHERLANDS,U,151.25005671529146,-33.89121693402331,118011341,Bondi Junction - Waverly
123719,517332512,1,Embassy,CONSULATE-GENERAL OF SWITZERLAND,CONSULATE-GENERAL OF SWITZERLAND,U,151.25005671529146,-33.89121693402331,118011341,Bondi Junction - Waverly
123851,517341009,4,Transport Interchange,BONDI JUNCTION BUS INTERCHANGE,BONDI JUNCTION BUS INTERCHANGE,U,151.24844214987516,-33.89102828704345,118011341,Bondi Junction - Waverly
130479,517466752,1,Retirement Village,EMANUEL GARDENS,EMANUEL GARDENS,U,151.2421021424338,-33.88922090638574,118011347,Woollahra
130747,517473384,3,Club,BONDI-WAVERLEY SQUASH CLUB,BONDI-WAVERLEY SQUASH CLUB,U,151.24519353188904,-33.8917992253206,118011341,Bondi Junction - Waverly
130772,517473592,3,Club,CLUB BONDI JUNCTION,CLUB BONDI JUNCTION,U,151.24992471145382,-33.89337249309823,118011341,Bondi Junction - Waverly
132422,517574164,1,Tourist Information Centre,WAVERLEY LIBRARY VISITOR CENTRE,WAVERLEY LIBRARY VISITOR CENTRE,U,151.24509637100618,-33.892815355233616,118011341,Bondi Junction - Waverly
135475,517596422,2,High School,WAYS SECONDARY BONDI JUNCTION CAMPUS,WAYS SECONDARY BONDI JUNCTION CAMPUS,U,151.2482838011451,-33.89166008645849,118011341,Bondi Junction - Waverly
137959,517889958,1,Nursing Home,BUPA QUEENS PARK,BUPA QUEENS PARK,U,151.25336678972118,-33.90354686144542,118011341,Bondi Junction - Waverly
139724,518269435,1,SES Facility,WAVERLEY-WOOLLAHRA SES,WAVERLEY-WOOLLAHRA SES,U,151.24991240363605,-33.89087311155322,118011341,Bondi Junction - Waverly
141286,518346718,3,Park,ROTARY PLAYGROUND,ROTARY PLAYGROUND,U,151.24675572911758,-33.8935376455701,118011341,Bondi Junction - Waverly
141361,518349215,1,General Hospital,WAR MEMORIAL HOSPITAL,WAR MEMORIAL HOSPITAL,U,151.25372750103702,-33.897711301670455,118011341,Bondi Junction - Waverly
145954,504379215,4,Railway Station,BONDI JUNCTION RAILWAY STATION,BONDI JUNCTION RAILWAY STATION,U,151.2484838415858,-33.891353141561886,118011341,Bondi Junction - Waverly
147451,518400207,3,Park,BELLA STREET RESERVE,BELLA STREET RESERVE,U,151.24991974556693,-33.9038324269613,118021569,Randwick - North
150119,517014265,2,Primary School,ST CHARLES' CATHOLIC PRIMARY SCHOOL WAVERLEY,ST CHARLES' CATHOLIC PRIMARY SCHOOL WAVERLEY,U,151.25352346219495,-33.89909784964491,118011341,Bondi Junction - Waverly
154026,518439464,3,Park,CENTENNIAL PARKLANDS,CENTENNIAL PARKLANDS,U,151.2429686366956,-33.90157579873657,118011341,Bondi Junction - Waverly
154028,518439516,3,Park,,Park,U,151.2477396071359,-33.90601373939426,118021569,Randwick - North
154044,504379257,3,Park,BIELER PARK,BIELER PARK,U,151.25034760505184,-33.906841527059164,118021569,Randwick - North
161640,518462437,2,High School,ST CLARE'S COLLEGE-BRONTE ROAD CAMPUS,ST CLARE'S COLLEGE-BRONTE ROAD CAMPUS,U,151.25347436656972,-33.89981597247147,118011341,Bondi Junction - Waverly
163887,517482194,1,Nursing Home,WAR MEMORIAL HOSPITAL TRANSITIONAL AGED CARE PROGRAM,WAR MEMORIAL HOSPITAL TRANSITIONAL AGED CARE PROGRAM,U,151.25348457682125,-33.89665032455833,118011341,Bondi Junction - Waverly
2511,500294960,3,Park,CENTENNIAL PARK,CENTENNIAL PARK,U,151.2350715407447,-33.89719320166443,118011342,Centennial Park
2592,500300737,3,Park,TAY RESERVE,TAY RESERVE,U,151.223270201279,-33.90224980036696,118021564,Kensington (NSW)
25911,504377182,6,Manmade Waterbody,BUSBYS POND,BUSBYS POND,U,151.23107699408592,-33.89898671407485,118011342,Centennial Park
25912,504377183,6,Manmade Waterbody,LILY POND,LILY POND,U,151.2345379504491,-33.90031627001806,118011342,Centennial Park
25913,504377184,6,Manmade Waterbody,DUCK POND,DUCK POND,U,151.23606847847063,-33.90189109777963,118011342,Centennial Park
25914,504377185,6,Manmade Waterbody,WILLOW POND,WILLOW POND,U,151.23908657887338,-33.90132374044018,118011342,Centennial Park
25915,504377186,6,Manmade Waterbody,ONE MORE SHOT POND,ONE MORE SHOT POND,U,151.24072845666763,-33.90190100302436,118011342,Centennial Park
25917,504377189,6,Manmade Waterbody,KENSINGTON POND,KENSINGTON POND,U,151.22655519474594,-33.90380105298249,118011342,Centennial Park
25918,504377236,6,Manmade Waterbody,RANDWICK POND,RANDWICK POND,U,151.23347819263702,-33.90231625952294,118011342,Centennial Park
26738,504379048,3,Sports Field,SYDNEY CRICKET GROUND,SYDNEY CRICKET GROUND,U,151.22477168586911,-33.89175075656471,118011345,Paddington - Moore Park
26796,504379202,3,Sports Court,,TENNIS COURTS,U,151.22334536421715,-33.89701386825719,118011345,Paddington - Moore Park
26815,504379256,3,Park,GOVETT RESERVE,GOVETT RESERVE,U,151.23966211959447,-33.90422867976704,118021569,Randwick - North
29062,504593987,6,Manmade Waterbody,FLY CASTING POND,FLY CASTING POND,U,151.23962108275566,-33.898946833749584,118011342,Centennial Park
29090,504594048,3,Sports Field,MCKAY OVAL,MCKAY OVAL,U,151.22872870001692,-33.89977402047082,118011342,Centennial Park
31594,504772877,3,Monument,FEDERATION PAVILION,FEDERATION PAVILION,U,151.23894283225823,-33.89465655666417,118011342,Centennial Park
53139,511751705,8,Suburb,CENTENNIAL PARK,CENTENNIAL PARK,U,151.23300560333914,-33.898200143055355,118011342,Centennial Park
53679,511779251,8,Urban Place,CENTENNIAL SQUARE,CENTENNIAL SQUARE,U,151.23303771182233,-33.88961534866577,118011345,Paddington - Moore Park
117305,517033404,3,Sports Field,MCKAY FIELDS,MCKAY FIELDS,U,151.22975409008276,-33.90092530964252,118011342,Centennial Park
117306,517033412,3,Sports Field,MISSION FIELDS,MISSION FIELDS,U,151.23194666119736,-33.90117933079677,118011342,Centennial Park
117307,517033413,3,Park,EQUESTRIAN GROUNDS,EQUESTRIAN GROUNDS,U,151.23169264907602,-33.90313125529645,118011342,Centennial Park
117308,517033414,3,Park,CHURCH GROUNDS,CHURCH GROUNDS,U,151.23455369162778,-33.90350560019835,118011342,Centennial Park
117309,517033569,3,Sports Field,BRAZILIAN FIELDS,BRAZILIAN FIELDS,U,151.23493074329863,-33.897875629273685,118011342,Centennial Park
117310,517033570,3,Park,LACHLAN RESERVE,LACHLAN RESERVE,U,151.2344212664802,-33.89920546276288,118011342,Centennial Park
117311,517033629,3,Park,PINE GROVE,PINE GROVE,U,151.23643550853612,-33.896743236721896,118011342,Centennial Park
117312,517033630,3,Park,PARADE GROUNDS,PARADE GROUNDS,U,151.23618518938892,-33.89534289241022,118011342,Centennial Park
117314,517033637,3,Park,LOCH AVENUE SOUTH AREA,LOCH AVENUE SOUTH AREA,U,151.23841196745119,-33.89730678376776,118011342,Centennial Park
117315,517033642,3,Park,FEDERATION VALLEY,FEDERATION VALLEY,U,151.23955629086748,-33.89413671710646,118011342,Centennial Park
117316,517033643,3,Park,CANNON TRIANGLE,CANNON TRIANGLE,U,151.23374141159175,-33.89361798990022,118011342,Centennial Park
117317,517033644,3,Park,PAPERBARK GROVE,PAPERBARK GROVE,U,151.23300914359965,-33.89298021126036,118011342,Centennial Park
117318,517033665,3,Park,FROG HOLLOW,FROG HOLLOW,U,151.23196979730747,-33.89603525268331,118011342,Centennial Park
117319,517033668,8,Urban Place,CENTENNIAL PARKLANDS DINING PRECINCT,CENTENNIAL PARKLANDS DINING PRECINCT,U,151.23327796444846,-33.89454679254059,118011342,Centennial Park
117320,517033679,3,Park,SANDSTONE RIDGE,SANDSTONE RIDGE,U,151.23863198822048,-33.893026671963945,118011342,Centennial Park
117321,517033682,3,Outdoor Theatre,BELVEDERE AMPHITHEATRE,BELVEDERE AMPHITHEATRE,U,151.2404095457586,-33.89233671445325,118011342,Centennial Park
117322,517033684,3,Park,ROSE GARDEN,ROSE GARDEN,U,151.2323211580595,-33.89812497994527,118011342,Centennial Park
117323,517033687,3,Park,COLUMN GARDEN,COLUMN GARDEN,U,151.23275981978583,-33.89911053414181,118011342,Centennial Park
117324,517033750,3,Park,SNAKEBANK,SNAKEBANK,U,151.23120950816678,-33.89962425020618,118011342,Centennial Park
117325,517033752,3,Park,ASH PADDOCK,ASH PADDOCK,U,151.23005356773726,-33.904385038040274,118011342,Centennial Park
117326,517033755,3,Park,LACHLAN SWAMP,LACHLAN SWAMP,U,151.2366467356971,-33.89976981669505,118011342,Centennial Park
117327,517033760,3,Park,LEARNERS CYCLEWAY,LEARNERS CYCLEWAY,U,151.22829824080753,-33.90229577660426,118011342,Centennial Park
117328,517033761,3,Park,EDUCATION PRECINCT,EDUCATION PRECINCT,U,151.23925055644702,-33.89833536490633,118011342,Centennial Park
117329,517033882,3,Park,SHOWGROUND FIELD,SHOWGROUND FIELD,U,151.22285023888367,-33.89433522456023,118011345,Paddington - Moore Park
117330,517033883,3,Park,FEDERATION WAY,FEDERATION WAY,U,151.22451540550165,-33.89626011354209,118011345,Paddington - Moore Park
117333,517034257,3,Sports Field,CENTENNIAL PARKLANDS EQUESTRIAN CENTRE,CENTENNIAL PARKLANDS EQUESTRIAN CENTRE,U,151.22682408746,-33.89586801126617,118011345,Paddington - Moore Park
117334,517034259,8,Urban Place,CENTENNIAL PARKLANDS ENTERTAINMENT QUARTER,CENTENNIAL PARKLANDS ENTERTAINMENT QUARTER,U,151.22695054240418,-33.893620947967214,118011345,Paddington - Moore Park
117335,517034262,8,Urban Place,FOX STUDIOS,FOX STUDIOS,U,151.22725297821086,-33.894772478294,118011345,Paddington - Moore Park
117418,517044385,3,Park,BIRD SANCTUARY,BIRD SANCTUARY,U,151.23336372301537,-33.895536093235656,118011342,Centennial Park
117841,517098491,8,Urban Place,CENTENNIAL PARKLANDS OFFICE PRECINCT,CENTENNIAL PARKLANDS OFFICE PRECINCT,U,151.23417429984565,-33.8959392751342,118011342,Centennial Park
123045,517264955,1,Community Facility,ROYAL HALL OF INDUSTRIES,ROYAL HALL OF INDUSTRIES,U,151.2243727440514,-33.89509953836804,118011345,Paddington - Moore Park
123630,517331826,1,Embassy,CONSULATE OF THE PEOPLE'S REPUBLIC OF CHINA,CONSULATE OF THE PEOPLE'S REPUBLIC OF CHINA,U,151.22356911389318,-33.905559149295435,118021564,Kensington (NSW)
134014,517590684,3,Sports Field,,CRICKET GROUND,U,151.22413086906792,-33.89819543664839,118011345,Paddington - Moore Park
136917,517772911,1,Community Facility,HORDERN PAVILION,HORDERN PAVILION,U,151.22423267244412,-33.894020436693246,118011345,Paddington - Moore Park
139586,518261193,4,Railway Station,ROYAL RANDWICK LIGHT RAIL STOP,ROYAL RANDWICK LIGHT RAIL STOP,U,151.2297179023499,-33.90549378417412,118011342,Centennial Park
142254,516737996,1,Ambulance Station,RANDWICK SUPERSTATION,RANDWICK SUPERSTATION,U,151.23219245373386,-33.90602540144499,118021569,Randwick - North
146012,518261132,4,Railway Station,ES MARKS LIGHT RAIL STOP,ES MARKS LIGHT RAIL STOP,U,151.2239634123191,-33.90584494739603,118021564,Kensington (NSW)
147445,518400200,3,Park,PADGEN PARK,PADGEN PARK,U,151.22676738130767,-33.9047881124877,118021564,Kensington (NSW)
154015,518439433,3,Park,ABBOTFORD STREET MEDIAN,ABBOTFORD STREET MEDIAN,U,151.2248823008199,-33.90465556181688,118021564,Kensington (NSW)
154031,518439530,3,Park,GOVETT STREET ISLAND,GOVETT STREET ISLAND,U,151.23833865144928,-33.90488232425927,118021569,Randwick - North
163824,504379232,2,Technical College,RANDWICK TAFE COLLEGE,RANDWICK TAFE COLLEGE,U,151.23285278553627,-33.90556933220937,118021569,Randwick - North
2299,500267149,3,Park,RALEIGH RESERVE,RALEIGH RESERVE,S,151.2825470184202,-33.87656554201609,118011344,Dover Heights
2412,500279166,3,Park,,Park,S,151.28375621457295,-33.868246349887315,118011344,Dover Heights
2424,500279666,3,Park,DUMARESQ RESERVE,DUMARESQ RESERVE,U,151.27053273062143,-33.866232162050714,118011346,Rose Bay - Vaucluse - Watsons Bay
2473,500280457,1,Place Of Worship,ST ANDREW'S PRESBYTERIAN CHURCH,ST ANDREW'S PRESBYTERIAN CHURCH,U,151.27136588750474,-33.870861196791246,118011346,Rose Bay - Vaucluse - Watsons Bay
2474,500280479,3,Park,CAFFYN PARK,CAFFYN PARK,U,151.27890690744667,-33.87266642601065,118011344,Dover Heights
2475,500280490,2,Combined Primary-Secondary School,KESSER TORAH COLLEGE,KESSER TORAH COLLEGE,U,151.2824182332461,-33.87242586837358,118011344,Dover Heights
2476,500280501,3,Park,RODNEY RESERVE,RODNEY RESERVE,S,151.28366315899103,-33.873427019768144,118011344,Dover Heights
2477,500280512,3,Park,DUDLEY PAGE RESERVE,DUDLEY PAGE RESERVE,U,151.28075738662633,-33.8692718384401,118011344,Dover Heights
2478,500280524,1,Place Of Worship,SOUTH HEAD SYNAGOGUE,SOUTH HEAD SYNAGOGUE,U,151.2771025298074,-33.86817635029335,118011346,Rose Bay - Vaucluse - Watsons Bay
2479,500280535,1,Place Of Worship,ST MARY MAGDALENE,ST MARY MAGDALENE,U,151.27071693196706,-33.86928043472186,118011346,Rose Bay - Vaucluse - Watsons Bay
2480,500280546,2,Combined Primary-Secondary School,KAMBALA,KAMBALA,U,151.2718735542179,-33.86514587979784,118011346,Rose Bay - Vaucluse - Watsons Bay
2481,500280568,1,Place Of Worship,ST MICHAEL'S ANGLICAN CHURCH,ST MICHAEL'S ANGLICAN CHURCH,U,151.27105379750367,-33.86125948352711,118011346,Rose Bay - Vaucluse - Watsons Bay
2482,500280579,3,Park,FORSYTH PARK,FORSYTH PARK,U,151.2719708579328,-33.86399363182888,118011346,Rose Bay - Vaucluse - Watsons Bay
2486,500280646,3,Park,DIAMOND BAY RESERVE,DIAMOND BAY RESERVE,U,151.28192941767918,-33.861838386786424,118011344,Dover Heights
2487,500280657,1,Post Office,ROSE BAY NORTH POST OFFICE,ROSE BAY NORTH POST OFFICE,U,151.2784622045501,-33.86501592895835,118011344,Dover Heights
2488,500280668,3,Park,CLARKE RESERVE,CLARKE RESERVE,S,151.285090090599,-33.857762456272134,118011344,Dover Heights
2490,500280712,1,Cemetery,SOUTH HEAD GENERAL CEMETERY,SOUTH HEAD GENERAL CEMETERY,U,151.28149345539035,-33.858401488807445,118011344,Dover Heights
2491,500280723,1,Post Office,ROSE BAY POST OFFICE,ROSE BAY POST OFFICE,U,151.27038765809291,-33.87006016646479,118011346,Rose Bay - Vaucluse - Watsons Bay
2492,500280734,3,Park,SAMUEL PARK,SAMUEL PARK,U,151.2779633323436,-33.85756740864541,118011346,Rose Bay - Vaucluse - Watsons Bay
24908,504330519,3,Sports Field,,BOWLING GREENS,U,151.27858436554732,-33.86154683319065,118011344,Dover Heights
24950,504331145,3,Park,KIMBERLEY RESERVE,KIMBERLEY RESERVE,U,151.27933251755022,-33.862607720223515,118011344,Dover Heights
27224,504395259,1,Place Of Worship,GREEK ORTHODOX CHRISTIAN CHURCH OF ST GEORGE,GREEK ORTHODOX CHRISTIAN CHURCH OF ST GEORGE,U,151.27060899669075,-33.87670376651468,118011346,Rose Bay - Vaucluse - Watsons Bay
27226,504395261,1,Place Of Worship,ROSE BAY-VAUCLUSE UNITING CHURCH,ROSE BAY-VAUCLUSE UNITING CHURCH,U,151.27326909329997,-33.87349345141175,118011346,Rose Bay - Vaucluse - Watsons Bay
27227,504395262,1,Place Of Worship,ST THERESE'S CATHOLIC CHURCH,ST THERESE'S CATHOLIC CHURCH,U,151.28195120092653,-33.874159619158476,118011344,Dover Heights
27228,504395263,3,Park,ONSLOW STREET RESERVE,ONSLOW STREET RESERVE,U,151.27668572319368,-33.87669432746211,118011344,Dover Heights
27297,504395405,1,Child Care Centre,ST THERESE COMMUNITY PRE-SCHOOL,ST THERESE COMMUNITY PRE-SCHOOL,U,151.28204803841584,-33.874464707626096,118011344,Dover Heights
30365,504650828,1,Community Facility,DIAMOND BAY BOWLING CLUB,DIAMOND BAY BOWLING CLUB,U,151.27884321868964,-33.86183736483999,118011344,Dover Heights
53081,511748489,8,Suburb,DOVER HEIGHTS,DOVER HEIGHTS,U,151.27987944603117,-33.87782410289395,118011344,Dover Heights
53082,511748490,8,Suburb,ROSE BAY,ROSE BAY,U,151.271190381851,-33.87685565263057,118011344,Dover Heights
53283,511754173,8,Urban Place,ROSE BAY NORTH,ROSE BAY NORTH,U,151.27633175373404,-33.867207317656245,118011346,Rose Bay - Vaucluse - Watsons Bay
53284,511754174,8,Urban Place,DIAMOND BAY,DIAMOND BAY,U,151.28133333158928,-33.862329702134964,118011344,Dover Heights
53285,511754175,8,Suburb,VAUCLUSE,VAUCLUSE,U,151.2734183169434,-33.8600899178328,118011346,Rose Bay - Vaucluse - Watsons Bay
69956,512823207,3,Sports Field,,BOWLING GREENS,U,151.27895025744735,-33.85802249172886,118011346,Rose Bay - Vaucluse - Watsons Bay
70737,512862742,1,Community Facility,VAUCLUSE BOWLING CLUB,VAUCLUSE BOWLING CLUB,U,151.27942472961408,-33.85779289754893,118011346,Rose Bay - Vaucluse - Watsons Bay
71016,512879486,3,Lookout,JOHNSTONS LOOKOUT,JOHNSTONS LOOKOUT,U,151.27586554606796,-33.85907718474325,118011346,Rose Bay - Vaucluse - Watsons Bay
109241,515790212,1,Nursing Home,VAUCLUSE NURSING HOME,VAUCLUSE NURSING HOME,U,151.281050733279,-33.86016778723056,118011344,Dover Heights
109331,515791052,1,Nursing Home,REGIS ROSE BAY,REGIS ROSE BAY,U,151.2705953351119,-33.876099683689574,118011346,Rose Bay - Vaucluse - Watsons Bay
115583,517014247,2,Primary School,ROSE BAY PUBLIC SCHOOL,ROSE BAY PUBLIC SCHOOL,U,151.27107292712765,-33.87280535866953,118011346,Rose Bay - Vaucluse - Watsons Bay
115849,517014523,2,Primary School,MCAULEY PRIMARY SCHOOL,MCAULEY PRIMARY SCHOOL,U,151.27200443695813,-33.87044516061914,118011346,Rose Bay - Vaucluse - Watsons Bay
115929,517014606,2,High School,KINCOPPAL ROSE BAY SCHOOL OF THE SACRED HEART,KINCOPPAL ROSE BAY SCHOOL OF THE SACRED HEART,U,151.2711503493287,-33.863205555108586,118011346,Rose Bay - Vaucluse - Watsons Bay
117958,517103159,1,Post Office,VAUCLUSE POST OFFICE,VAUCLUSE POST OFFICE,U,151.27796876445612,-33.85936877437202,118011346,Rose Bay - Vaucluse - Watsons Bay
120125,517208172,1,Retirement Village,PRINCESS GARDENS,PRINCESS GARDENS,U,151.27728665928788,-33.870340533490875,118011344,Dover Heights
123637,517331834,1,Embassy,CONSULATE OF THE CZECH REPUBLIC,CONSULATE OF THE CZECH REPUBLIC,U,151.28101961923076,-33.87227789980936,118011344,Dover Heights
123672,517332096,1,Embassy,CONSULATE-GENERAL OF THE REPUBLIC OF KIRIBATI,CONSULATE-GENERAL OF THE REPUBLIC OF KIRIBATI,U,151.2787251540102,-33.876808179252,118011344,Dover Heights
133875,517590228,3,Park,EASTERN RESERVE,EASTERN RESERVE,S,151.28344325500277,-33.86618031397824,118011344,Dover Heights
133933,517590468,1,Community Facility,KIMBERLEY RESERVE COMMUNITY HALL,KIMBERLEY RESERVE COMMUNITY HALL,U,151.27908935168765,-33.862694849647596,118011344,Dover Heights
138827,518194727,1,Nursing Home,MARKMORAN AT VAUCLUSE,MARKMORAN AT VAUCLUSE,U,151.28024681655816,-33.858534899848785,118011346,Rose Bay - Vaucluse - Watsons Bay
140070,518275572,5,Filtration Plant,,Filtration Plant,U,151.2803542766257,-33.86918516549482,118011344,Dover Heights
141200,518345216,3,Park,VAUCLUSE PARK,VAUCLUSE PARK,U,151.27310994686593,-33.86011950788412,118011346,Rose Bay - Vaucluse - Watsons Bay
142934,517913103,1,Community Facility,HATZOLAH CFR,HATZOLAH CFR,U,151.27871844000177,-33.863497395445876,118011344,Dover Heights
2512,500295027,3,Park,MOORE PARK,MOORE PARK,U,151.2189033891733,-33.89405152346172,118011345,Paddington - Moore Park
2513,500295038,3,Sports Field,TRAMWAY OVAL,TRAMWAY OVAL,U,151.22206309370924,-33.89168413630848,118011345,Paddington - Moore Park
2514,500295049,3,Golf Course,MOORE PARK GOLF COURSE,MOORE PARK GOLF COURSE,U,151.21878529754431,-33.89771697593538,118011345,Paddington - Moore Park
2516,500295071,3,Sports Field,E S MARKS ATHLETICS FIELD,E S MARKS ATHLETICS FIELD,U,151.22226352851035,-33.903037734239355,118011345,Paddington - Moore Park
2584,500300593,3,Club,PADDINGTON BOWLING CLUB,PADDINGTON BOWLING CLUB,U,151.23727337169322,-33.88394702986303,118011345,Paddington - Moore Park
2585,500300604,3,Sports Court,,TENNIS COURTS,U,151.23630238449925,-33.88182113208379,118011345,Paddington - Moore Park
2588,500300670,3,Park,MONCUR RESERVE,MONCUR RESERVE,U,151.2370244512229,-33.886656805148306,118011347,Woollahra
2591,500300715,3,Park,DILLON STREET RESERVE,DILLON STREET RESERVE,U,151.22692423344446,-33.880156978618295,118011345,Paddington - Moore Park
3095,500324163,3,Park,TRUMPER PARK,TRUMPER PARK,U,151.23512289473456,-33.88120175752963,118011345,Paddington - Moore Park
3096,500324174,3,Sports Field,WEIGALL SPORTSGROUND,WEIGALL SPORTSGROUND,U,151.22957788464151,-33.87817412785211,118011345,Paddington - Moore Park
25909,504377179,6,Natural Waterbody,KIPPAX LAKE,KIPPAX LAKE,U,151.22235073875476,-33.889690081548345,118011345,Paddington - Moore Park
26584,504378763,1,Nursing Home,PRESBYTERIAN AGED CARE-PADDINGTON,PRESBYTERIAN AGED CARE-PADDINGTON,U,151.22614421460517,-33.88074673684699,118011345,Paddington - Moore Park
26585,504378764,2,University,UNIVERSITY OF NEW SOUTH WALES ART DESIGN CAMPUS,UNIVERSITY OF NEW SOUTH WALES ART DESIGN CAMPUS,U,151.22049616325748,-33.884038615002666,118011345,Paddington - Moore Park
26586,504378765,1,Ambulance Station,PADDINGTON AMBULANCE STATION,PADDINGTON AMBULANCE STATION,U,151.2259017027161,-33.88553449667074,118011345,Paddington - Moore Park
26587,504378766,1,Community Facility,PADDINGTON TOWN HALL,PADDINGTON TOWN HALL,U,151.22566517001357,-33.88516389033316,118011345,Paddington - Moore Park
26588,504378767,1,Post Office,PADDINGTON POST OFFICE,PADDINGTON POST OFFICE,U,151.22634856606092,-33.88482251486525,118011345,Paddington - Moore Park
26589,504378769,3,Park,BARRACK RESERVE,BARRACK RESERVE,U,151.22213900045244,-33.88397018400123,118011345,Paddington - Moore Park
26590,504378771,3,Park,OATLEY RESERVE,OATLEY RESERVE,U,151.2257674854295,-33.88607823426469,118011345,Paddington - Moore Park
26592,504378773,3,Park,STEWART STREET RESERVE,STEWART STREET RESERVE,U,151.2281702533374,-33.88801246327897,118011345,Paddington - Moore Park
26594,504378775,3,Park,REGENT STREET RESERVE,REGENT STREET RESERVE,U,151.22836352587078,-33.8860735189857,118011345,Paddington - Moore Park
26595,504378776,1,Place Of Worship,,UNITING CHURCH,U,151.2298468132881,-33.88724179428563,118011345,Paddington - Moore Park
26596,504378778,3,Park,STRONG MEMORIAL RESERVE,STRONG MEMORIAL RESERVE,U,151.23063158241865,-33.88766014308338,118011345,Paddington - Moore Park
26597,504378779,1,Place Of Worship,,CHURCH OF CHRIST,U,151.23382074271274,-33.88607186942101,118011345,Paddington - Moore Park
26599,504378781,1,Place Of Worship,ST GEORGE'S ANGLICAN CHURCH,ST GEORGE'S ANGLICAN CHURCH,U,151.22889974194194,-33.88221458836776,118011345,Paddington - Moore Park
26600,504378783,2,Primary School,SYDNEY GRAMMAR SCHOOL EDGECLIFF PREPARATORY SCHOOL,SYDNEY GRAMMAR SCHOOL EDGECLIFF PREPARATORY SCHOOL,U,151.23006493322228,-33.87967217072002,118011345,Paddington - Moore Park
26601,504378786,3,Park,JAMES COOK RESERVE (COOK'S PADDOCK),JAMES COOK RESERVE (COOK'S PADDOCK),U,151.22986568240069,-33.88577160337208,118011345,Paddington - Moore Park
26602,504378787,1,Police Station,PADDINGTON POLICE STATION,PADDINGTON POLICE STATION,U,151.23264600413765,-33.88826200311748,118011345,Paddington - Moore Park
26606,504378795,1,Community Facility,EJ WARD PADDINGTON COMMUNITY CENTRE,EJ WARD PADDINGTON COMMUNITY CENTRE,U,151.2326340637309,-33.88698976297355,118011345,Paddington - Moore Park
26607,504378796,1,Library,PADDINGTON LIBRARY,PADDINGTON LIBRARY,U,151.22582113461488,-33.88517986413459,118011345,Paddington - Moore Park
26609,504378798,1,Post Office,EDGECLIFF POST OFFICE,EDGECLIFF POST OFFICE,U,151.23545855113878,-33.878983521461564,118011650,Double Bay - Darling Point
26611,504378801,1,Shopping Centre,EDGECLIFF CENTRE,EDGECLIFF CENTRE,U,151.23563297252593,-33.879072847693365,118011650,Double Bay - Darling Point
26612,504378802,3,Sports Field,TRUMPER OVAL,TRUMPER OVAL,U,151.2335824708719,-33.88036381321997,118011345,Paddington - Moore Park
26616,504378809,3,Sports Court,,BASKETBALL COURTS,U,151.2317729036652,-33.87836638758099,118011345,Paddington - Moore Park
26619,504378814,3,Sports Court,,TENNIS COURTS,U,151.22877431736538,-33.87903815700059,118011345,Paddington - Moore Park
26620,504378816,3,Sports Court,,TENNIS COURTS,U,151.23183012095893,-33.879700882155305,118011345,Paddington - Moore Park
26798,504379224,3,Sports Court,,TENNIS COURTS,U,151.22007326965934,-33.89472538174881,118011345,Paddington - Moore Park
26799,504379225,3,Club,MOORE PARK GOLF HOUSE,MOORE PARK GOLF HOUSE,U,151.22053211742838,-33.896370254247834,118011345,Paddington - Moore Park
53140,511751706,8,Suburb,MOORE PARK,MOORE PARK,U,151.2214813671891,-33.89521051272329,118011345,Paddington - Moore Park
53143,511751856,8,Suburb,PADDINGTON,PADDINGTON,U,151.22869307732435,-33.88466314444626,118011345,Paddington - Moore Park
53144,511751857,8,Suburb,EDGECLIFF,EDGECLIFF,U,151.2366842861743,-33.88118340768299,118011650,Double Bay - Darling Point
53663,511779018,7,Mountain Like,MOUNT RENNIE,MOUNT RENNIE,U,151.22050066291874,-33.897159980535214,118011345,Paddington - Moore Park
53664,511779019,7,Mountain Like,MOUNT STEELE,MOUNT STEELE,U,151.21856682816556,-33.89551782476572,118011345,Paddington - Moore Park
53685,511779868,8,Urban Place,WHITE CITY,WHITE CITY,U,151.23582766978737,-33.881586105552884,118011345,Paddington - Moore Park
70534,512862488,1,Place Of Worship,,CATHOLIC CHURCH,U,151.23158275098078,-33.88860572649299,118011345,Paddington - Moore Park
106762,515398552,3,Park,ROYAL HOSPITAL FOR WOMEN PARK,ROYAL HOSPITAL FOR WOMEN PARK,U,151.22539234267865,-33.88254445368871,118011345,Paddington - Moore Park
107685,515614222,3,Park,PADDINGTON RESERVOIR GARDENS,PADDINGTON RESERVOIR GARDENS,U,151.22698025777547,-33.8853666910181,118011345,Paddington - Moore Park
108130,515677168,3,Sports Field,,BOWLING GREENS,U,151.23720093424362,-33.88345940738428,118011345,Paddington - Moore Park
108131,515677170,3,Sports Court,,TENNIS COURTS,U,151.23717393447944,-33.88286866336328,118011345,Paddington - Moore Park
108191,515678489,3,Sports Field,,BOWLING GREEN,U,151.22419584870394,-33.88572299173828,118011345,Paddington - Moore Park
108192,515678490,3,Sports Court,,TENNIS COURT,U,151.2248125969437,-33.88587147093742,118011345,Paddington - Moore Park
108193,515678491,3,Sports Court,,TENNIS COURT,U,151.22484400743596,-33.885454583221346,118011345,Paddington - Moore Park
108314,515682712,1,Place Of Worship,,ANGLICAN CHURCH,U,151.2323576862539,-33.88931956410626,118011345,Paddington - Moore Park
108488,515690614,1,Place Of Worship,,JEHOVAHS WITNESSES CHURCH,U,151.22943726685853,-33.888941508169985,118011345,Paddington - Moore Park
108489,515690619,1,Place Of Worship,,ORTHODOX CHURCH,U,151.21890568436882,-33.88295639332667,118011345,Paddington - Moore Park
115771,517014444,2,Primary School,PADDINGTON PUBLIC SCHOOL,PADDINGTON PUBLIC SCHOOL,U,151.23035590472932,-33.88748603578579,118011345,Paddington - Moore Park
115772,517014445,2,Primary School,GLENMORE ROAD PUBLIC SCHOOL,GLENMORE ROAD PUBLIC SCHOOL,U,151.23068275764376,-33.88160816628204,118011345,Paddington - Moore Park
115918,517014595,2,Combined Primary-Secondary School,ASCHAM SCHOOL,ASCHAM SCHOOL,U,151.2365378859358,-33.87776593518103,118011650,Double Bay - Darling Point
115919,517014596,2,High School,SYDNEY BOYS HIGH SCHOOL,SYDNEY BOYS HIGH SCHOOL,U,151.21944926842195,-33.892178096296824,118011345,Paddington - Moore Park
115980,517014661,2,Primary School,ST FRANCIS OF ASSISI REGIONAL PRIMARY SCHOOL,ST FRANCIS OF ASSISI REGIONAL PRIMARY SCHOOL,U,151.23105007517017,-33.888673637743565,118011345,Paddington - Moore Park
117120,517015888,2,High School,SYDNEY GIRLS HIGH SCHOOL,SYDNEY GIRLS HIGH SCHOOL,U,151.220328958037,-33.89340289930583,118011345,Paddington - Moore Park
117331,517033885,3,Park,PARKLANDS SPORTS CENTRE,PARKLANDS SPORTS CENTRE,U,151.22250995705406,-33.89656509539682,118011345,Paddington - Moore Park
117332,517034218,3,Sports Field,BAT AND BALL FIELD,BAT AND BALL FIELD,U,151.21777780012224,-33.89390107204675,118011345,Paddington - Moore Park
117337,517035089,3,Park,MOORE PARK RESERVE,MOORE PARK RESERVE,U,151.21901744736655,-33.89025124422604,118011345,Paddington - Moore Park
117732,517087383,3,Golf Course,MOORE PARK DRIVING RANGE,MOORE PARK DRIVING RANGE,U,151.21927357502037,-33.89653682285569,118011345,Paddington - Moore Park
117733,517087387,3,Park,CENTENNIAL PARK CHILDRENS CENTRE,CENTENNIAL PARK CHILDRENS CENTRE,U,151.2216690189638,-33.901873994547024,118011345,Paddington - Moore Park
123678,517332134,1,Embassy,CONSULATE-GENERAL OF LEBANON,CONSULATE-GENERAL OF LEBANON,U,151.23545855113878,-33.878983521461564,118011650,Double Bay - Darling Point
123733,517332630,1,Embassy,CONSULATE-GENERAL SOCIALIST REPUBLIC OF VIETNAM,CONSULATE-GENERAL SOCIALIST REPUBLIC OF VIETNAM,U,151.23545855113878,-33.878983521461564,118011650,Double Bay - Darling Point
123867,517341292,4,Transport Interchange,EDGECLIFF BUS INTERCHANGE,EDGECLIFF BUS INTERCHANGE,U,151.23612945162054,-33.87935044432382,118011650,Double Bay - Darling Point
130413,517465454,3,Club,PADDINGTON WOOLLAHRA RSL MEMORIAL CLUB,PADDINGTON WOOLLAHRA RSL MEMORIAL CLUB,U,151.22580454273162,-33.88473022136251,118011345,Paddington - Moore Park
133772,517589623,3,Park,CAMBRIDGE STREET RESERVE,CAMBRIDGE STREET RESERVE,U,151.23100270970016,-33.88079049852154,118011345,Paddington - Moore Park
133790,517589724,3,Sports Centre,PALMS TENNIS CENTRE,PALMS TENNIS CENTRE,U,151.2368449471679,-33.88243183932081,118011345,Paddington - Moore Park
133812,517589840,3,Sports Court,,BASKETBALL COURTS,U,151.22826987021418,-33.87905718747437,118011345,Paddington - Moore Park
133849,517589931,3,Monument,PADDINGTON WAR MEMORIAL,PADDINGTON WAR MEMORIAL,U,151.22486286756535,-33.884930189995124,118011345,Paddington - Moore Park
137780,517838077,4,Helipad,VICTORIA BARRACKS HELIPAD,VICTORIA BARRACKS HELIPAD,U,151.2244502821351,-33.88540425918709,118011345,Paddington - Moore Park
139583,518261189,4,Railway Station,MOORE PARK LIGHT RAIL STOP,MOORE PARK LIGHT RAIL STOP,U,151.22181243410054,-33.89424247456459,118011345,Paddington - Moore Park
141091,518344320,3,Park,BARRACK RESERVE,BARRACK RESERVE,U,151.22508662622457,-33.8837707709429,118011345,Paddington - Moore Park
141185,518345193,3,Park,BARRACK RESERVE,BARRACK RESERVE,U,151.22496785367258,-33.8831438843312,118011345,Paddington - Moore Park
145841,500301393,4,Railway Station,EDGECLIFF RAILWAY STATION,EDGECLIFF RAILWAY STATION,U,151.23640878724973,-33.87936644531643,118011650,Double Bay - Darling Point
160676,515988461,1,Court House,PADDINGTON COURT HOUSE,PADDINGTON COURT HOUSE,U,151.23263067528563,-33.88820743910781,118011345,Paddington - Moore Park
163624,504378772,3,Park,OATLEY ROAD PLAYGROUND,OATLEY ROAD PLAYGROUND,U,151.2254751161439,-33.88702230199621,118011345,Paddington - Moore Park
163625,504378780,3,Park,UNION STREET PLAYGROUND,UNION STREET PLAYGROUND,U,151.23005242867347,-33.88439367810553,118011345,Paddington - Moore Park
163626,504378803,3,Park,TRUMPER PARK PLAYGROUND,TRUMPER PARK PLAYGROUND,U,151.23326580934435,-33.87963888757803,118011650,Double Bay - Darling Point
163683,517589675,3,Park,SOUDAN STREET PLAYGROUND,SOUDAN STREET PLAYGROUND,U,151.23444009966013,-33.882839467502336,118011345,Paddington - Moore Park
163684,517589679,3,Park,SPRING STREET PLAYGROUND,SPRING STREET PLAYGROUND,U,151.22369391953055,-33.88330492212154,118011345,Paddington - Moore Park
2298,500267138,3,Sports Field,DANGAR OVAL,DANGAR OVAL,U,151.26420114039425,-33.874176435579976,118011346,Rose Bay - Vaucluse - Watsons Bay
2328,500277645,3,Park,CAMP COVE RESERVE,CAMP COVE RESERVE,U,151.27976795162962,-33.840542310242206,118011346,Rose Bay - Vaucluse - Watsons Bay
2329,500277656,3,Park,LAINGS POINT RESERVE,LAINGS POINT RESERVE,S,151.2770984784055,-33.840926452586395,118011346,Rose Bay - Vaucluse - Watsons Bay
2409,500279100,3,Park,SIGNAL HILL RESERVE,SIGNAL HILL RESERVE,S,151.28707164116514,-33.849760714966386,118011346,Rose Bay - Vaucluse - Watsons Bay
2410,500279133,3,Park,VAUCLUSE PARK,VAUCLUSE PARK,U,151.27299423936572,-33.85507476811637,118011346,Rose Bay - Vaucluse - Watsons Bay
2411,500279155,3,Park,PANNERONG RESERVE,PANNERONG RESERVE,U,151.26961974045886,-33.871204104925745,118011346,Rose Bay - Vaucluse - Watsons Bay
2443,500280123,3,Park,TINGIRA RESERVE,TINGIRA RESERVE,S,151.2664729087809,-33.87115892641308,118011346,Rose Bay - Vaucluse - Watsons Bay
2444,500280125,3,Sports Court,,TENNIS COURTS,S,151.26501620790268,-33.871612145499874,118011346,Rose Bay - Vaucluse - Watsons Bay
2445,500280127,3,Sports Court,,TENNIS COURTS,U,151.26656564995253,-33.871829763557315,118011346,Rose Bay - Vaucluse - Watsons Bay
2472,500280424,3,Park,LYNE PARK,LYNE PARK,S,151.2630734627602,-33.87158367598567,118011346,Rose Bay - Vaucluse - Watsons Bay
2483,500280590,1,Convent/Monastery,ROSE BAY CONVENT,ROSE BAY CONVENT,U,151.2703162689773,-33.861803659996895,118011346,Rose Bay - Vaucluse - Watsons Bay
2484,500280601,3,Park,HERMITAGE RESERVE,HERMITAGE RESERVE,U,151.26915538871202,-33.86105041698571,118011346,Rose Bay - Vaucluse - Watsons Bay
2489,500280679,3,Park,CHRISTISON PARK,CHRISTISON PARK,S,151.28473040156598,-33.85582547447432,118011346,Rose Bay - Vaucluse - Watsons Bay
2494,500280757,3,Park,NIELSEN PARK,NIELSEN PARK,S,151.26686703652697,-33.852610632894745,118011346,Rose Bay - Vaucluse - Watsons Bay
2495,500280790,3,Park,PARSLEY BAY PARK,PARSLEY BAY PARK,U,151.27811651755744,-33.8521113119214,118011346,Rose Bay - Vaucluse - Watsons Bay
2496,500280801,3,Park,LIGHTHOUSE RESERVE,LIGHTHOUSE RESERVE,S,151.28568946721782,-33.85267037768969,118011346,Rose Bay - Vaucluse - Watsons Bay
2497,500280812,3,Park,GAP PARK,GAP PARK,S,151.28575414232503,-33.84620302742126,118011346,Rose Bay - Vaucluse - Watsons Bay
2498,500280823,3,Park,ROBERTSON PARK,ROBERTSON PARK,U,151.28278095139825,-33.843631028567486,118011346,Rose Bay - Vaucluse - Watsons Bay
2499,500280845,3,Park,,Park,U,151.2803140734235,-33.847577841839225,118011346,Rose Bay - Vaucluse - Watsons Bay
24886,504330480,1,Lighthouse,MACQUARIE LIGHTHOUSE,MACQUARIE LIGHTHOUSE,S,151.28515789364005,-33.85397218971439,118011346,Rose Bay - Vaucluse - Watsons Bay
24887,504330481,3,Historic Site,VAUCLUSE HOUSE HISTORIC SITE,VAUCLUSE HOUSE HISTORIC SITE,U,151.27357597486898,-33.85544976702317,118011346,Rose Bay - Vaucluse - Watsons Bay
24906,504330513,3,Sports Court,,TENNIS COURTS,U,151.26738186460952,-33.87217699301942,118011346,Rose Bay - Vaucluse - Watsons Bay
24907,504330515,3,Sports Field,,BOWLING GREEN,U,151.26660895503738,-33.872415622579844,118011346,Rose Bay - Vaucluse - Watsons Bay
24937,504331117,1,Lighthouse,HORNBY LIGHTHOUSE,HORNBY LIGHTHOUSE,S,151.2809853673673,-33.83358277522487,118011346,Rose Bay - Vaucluse - Watsons Bay
27162,504395145,3,Sports Field,WOOLLAHRA PLAYING FIELDS,WOOLLAHRA PLAYING FIELDS,U,151.26436401573503,-33.87618026147747,118011346,Rose Bay - Vaucluse - Watsons Bay
27309,504395421,1,Community Facility,SYDNEY CROQUET CLUB,SYDNEY CROQUET CLUB,U,151.26316945762977,-33.877419809135624,118011346,Rose Bay - Vaucluse - Watsons Bay
30326,504650771,1,Place Of Worship,ST PETER'S ANGLICAN CHURCH,ST PETER'S ANGLICAN CHURCH,U,151.28472648491137,-33.84654401718266,118011346,Rose Bay - Vaucluse - Watsons Bay
30356,504650814,1,Community Facility,WOOLLAHRA SAILING CLUB,WOOLLAHRA SAILING CLUB,S,151.26512332750875,-33.870676816670766,118011346,Rose Bay - Vaucluse - Watsons Bay
30358,504650816,4,Helipad,,Helipad,S,151.2804435934195,-33.8350603432692,118011346,Rose Bay - Vaucluse - Watsons Bay
30359,504650819,3,Lookout,,Lookout,S,151.28438817488376,-33.84323079586319,118011346,Rose Bay - Vaucluse - Watsons Bay
30360,504650821,4,Marina,SYDNEY PILOT SERVICE,SYDNEY PILOT SERVICE,U,151.28122869492663,-33.84611940268656,118011346,Rose Bay - Vaucluse - Watsons Bay
30361,504650822,1,Place Of Worship,OUR LADY STAR OF THE SEA CATHOLIC CHURCH,OUR LADY STAR OF THE SEA CATHOLIC CHURCH,U,151.28355601333382,-33.84556013065202,118011346,Rose Bay - Vaucluse - Watsons Bay
30362,504650823,1,Place Of Worship,VAUCLUSE UNITING CHURCH,VAUCLUSE UNITING CHURCH,U,151.2808099784946,-33.84857582883691,118011346,Rose Bay - Vaucluse - Watsons Bay
30364,504650825,1,Place Of Worship,WENTWORTH MEMORIAL CHURCH,WENTWORTH MEMORIAL CHURCH,U,151.27526857154416,-33.85139812024639,118011346,Rose Bay - Vaucluse - Watsons Bay
30366,504650829,3,Tourist Attraction,THE ARMOURY,THE ARMOURY,S,151.28305437072297,-33.84148848501797,118011346,Rose Bay - Vaucluse - Watsons Bay
30367,504650830,3,Tourist Attraction,THE OFFICERS MESS,THE OFFICERS MESS,S,151.2837812955357,-33.84224654214223,118011346,Rose Bay - Vaucluse - Watsons Bay
30382,504650865,4,Boat Ramp,,Boat Ramp,S,151.26216158381362,-33.871295591116855,118011346,Rose Bay - Vaucluse - Watsons Bay
30383,504650868,4,Boat Ramp,,Boat Ramp,S,151.2652124296051,-33.870154037694064,118011346,Rose Bay - Vaucluse - Watsons Bay
31272,504757334,3,Tourist Attraction,STEELE POINT GUN EMPLACEMENT,STEELE POINT GUN EMPLACEMENT,S,151.2649031899585,-33.85105383147148,118011346,Rose Bay - Vaucluse - Watsons Bay
31273,504757335,1,Place Of Worship,,INTER-DENOMINATIONAL CHURCH,S,151.28167429434185,-33.83734770915499,118011346,Rose Bay - Vaucluse - Watsons Bay
52052,511717500,6,Beach,LADY BAY BEACH,LADY BAY BEACH,S,151.27933007053934,-33.83547014067595,118011346,Rose Bay - Vaucluse - Watsons Bay
52053,511717501,6,Beach,GIBSONS BEACH,GIBSONS BEACH,U,151.28088551782687,-33.846527012528995,118011346,Rose Bay - Vaucluse - Watsons Bay
52054,511717502,6,Beach,KUTTI BEACH,KUTTI BEACH,U,151.27906546278925,-33.847150744322526,118011346,Rose Bay - Vaucluse - Watsons Bay
52055,511717503,7,Cliff,THE GAP,THE GAP,S,151.28430316102023,-33.84307503805191,118011346,Rose Bay - Vaucluse - Watsons Bay
52056,511717504,7,Mountain Like,GAP BLUFF,GAP BLUFF,S,151.2850642649329,-33.84159741532121,118011346,Rose Bay - Vaucluse - Watsons Bay
52057,511717505,7,Headland,DUNBAR HEAD,DUNBAR HEAD,S,151.28785246669156,-33.85018584031292,118011346,Rose Bay - Vaucluse - Watsons Bay
52058,511717506,7,Headland,SOUTH HEAD,SOUTH HEAD,S,151.28042583642124,-33.83321879268993,118011346,Rose Bay - Vaucluse - Watsons Bay
52059,511717507,7,Headland,LAINGS POINT,LAINGS POINT,S,151.2769411339919,-33.84073133368672,118011346,Rose Bay - Vaucluse - Watsons Bay
52071,511718121,6,Beach,SHARK BEACH,SHARK BEACH,S,151.26681406826452,-33.85045792434833,118011346,Rose Bay - Vaucluse - Watsons Bay
52073,511718123,7,Headland,VILLAGE POINT,VILLAGE POINT,S,151.27791406603845,-33.84703055535802,118011346,Rose Bay - Vaucluse - Watsons Bay
52074,511718124,7,Headland,POINT SEYMOUR,POINT SEYMOUR,U,151.27460758576822,-33.849040978642904,118011346,Rose Bay - Vaucluse - Watsons Bay
52075,511718125,7,Headland,BOTTLE AND GLASS POINT,BOTTLE AND GLASS POINT,S,151.269891161032,-33.84780994639501,118011346,Rose Bay - Vaucluse - Watsons Bay
52076,511718126,7,Headland,STEELE POINT,STEELE POINT,S,151.26483876637954,-33.85094225657067,118011346,Rose Bay - Vaucluse - Watsons Bay
52079,511718250,7,Headland,HERMIT POINT,HERMIT POINT,S,151.26827614735632,-33.85930523728361,118011346,Rose Bay - Vaucluse - Watsons Bay
52096,511718782,6,Island Like,SHARK ISLAND / BOOWAMBILLEE,SHARK ISLAND / BOOWAMBILLEE,S,151.25780706155928,-33.858510885414255,118011346,Rose Bay - Vaucluse - Watsons Bay
53286,511754176,8,Suburb,WATSONS BAY,WATSONS BAY,U,151.28247475973532,-33.84479092268924,118011346,Rose Bay - Vaucluse - Watsons Bay
53682,511779865,8,Urban Place,JACOBS LADDER,JACOBS LADDER,S,151.2860812647341,-33.846643042065594,118011346,Rose Bay - Vaucluse - Watsons Bay
66771,512648365,1,Lighthouse,VAUCLUSE BAY LIGHTHOUSE REAR,VAUCLUSE BAY LIGHTHOUSE REAR,U,151.2739435430254,-33.849578217082126,118011346,Rose Bay - Vaucluse - Watsons Bay
66773,512648372,1,Lighthouse,VAUCLUSE BAY LIGHTHOUSE FRONT,VAUCLUSE BAY LIGHTHOUSE FRONT,U,151.27397731069692,-33.84924802889698,118011346,Rose Bay - Vaucluse - Watsons Bay
71015,512878854,3,Park,PERCIVAL PARK,PERCIVAL PARK,U,151.26844285041858,-33.86964718747214,118011346,Rose Bay - Vaucluse - Watsons Bay
71017,512879629,3,Park,VICTORIA WHARF RESERVE,VICTORIA WHARF RESERVE,U,151.2783250021618,-33.841254095066354,118011346,Rose Bay - Vaucluse - Watsons Bay
71018,512879718,3,Park,GIBSON'S BEACH RESERVE,GIBSON'S BEACH RESERVE,U,151.2811200697442,-33.84683588461377,118011346,Rose Bay - Vaucluse - Watsons Bay
71019,512879732,3,Park,BEACH AVENUE RESERVE,BEACH AVENUE RESERVE,U,151.2826176547476,-33.84729075255829,118011346,Rose Bay - Vaucluse - Watsons Bay
71020,512879744,3,Park,DERBY STREET RESERVE,DERBY STREET RESERVE,U,151.28390266781207,-33.84906870439351,118011346,Rose Bay - Vaucluse - Watsons Bay
72033,513095611,3,Golf Course,WOOLLAHRA GOLF COURSE,WOOLLAHRA GOLF COURSE,U,151.26122575308662,-33.875419676593474,118011346,Rose Bay - Vaucluse - Watsons Bay
104426,514932854,1,SES Facility,MARINE RESCUE PORT JACKSON,MARINE RESCUE PORT JACKSON,S,151.28678375357447,-33.8503869917886,118011346,Rose Bay - Vaucluse - Watsons Bay
108730,515703878,4,Slipway,,Slipway,S,151.26830315610366,-33.85917696270002,118011346,Rose Bay - Vaucluse - Watsons Bay
109330,515791045,1,Retirement Village,ROSE BAY TOWERS RETIREMENT VILLAGE,ROSE BAY TOWERS RETIREMENT VILLAGE,U,151.26745197182927,-33.870760415124124,118011346,Rose Bay - Vaucluse - Watsons Bay
115582,517014246,2,Primary School,VAUCLUSE PUBLIC SCHOOL,VAUCLUSE PUBLIC SCHOOL,U,151.2812370672251,-33.85074604446225,118011346,Rose Bay - Vaucluse - Watsons Bay
115975,517014653,2,Primary School,CRANBROOK JUNIOR SCHOOL,CRANBROOK JUNIOR SCHOOL,U,151.26475159116944,-33.87348955213695,118011346,Rose Bay - Vaucluse - Watsons Bay
120130,517208238,2,Primary School,KINCOPPAL ROSE BAY SCHOOL OF THE SACRED HEART,KINCOPPAL ROSE BAY SCHOOL OF THE SACRED HEART,U,151.27032785005795,-33.861815770438575,118011346,Rose Bay - Vaucluse - Watsons Bay
120333,517208771,1,Retirement Village,VAUGHAN VILLAGE,VAUGHAN VILLAGE,U,151.2835209278338,-33.8450613302759,118011346,Rose Bay - Vaucluse - Watsons Bay
122565,517239923,1,Library,WATSONS BAY LIBRARY,WATSONS BAY LIBRARY,U,151.2820724115061,-33.84437521834605,118011346,Rose Bay - Vaucluse - Watsons Bay
126669,517400781,4,Wharf,,Wharf,S,151.26562419846678,-33.870441843730454,118011346,Rose Bay - Vaucluse - Watsons Bay
126671,517400793,4,Wharf,,Wharf,S,151.26826828619934,-33.859144289229015,118011346,Rose Bay - Vaucluse - Watsons Bay
126672,517400795,4,Wharf,,Wharf,S,151.26849191909437,-33.85913146153137,118011346,Rose Bay - Vaucluse - Watsons Bay
126674,517400798,4,Wharf,,Wharf,S,151.26838377810384,-33.859110405782005,118011346,Rose Bay - Vaucluse - Watsons Bay
126675,517400799,4,Wharf,,Wharf,S,151.2684109027338,-33.85908541354218,118011346,Rose Bay - Vaucluse - Watsons Bay
130463,517466707,3,Club,ROSE BAY RSL CLUB T/AS CLUB ROSE BAY,ROSE BAY RSL CLUB T/AS CLUB ROSE BAY,S,151.26584502682147,-33.87132397122356,118011346,Rose Bay - Vaucluse - Watsons Bay
130466,517466718,3,Club,ROYAL SYDNEY GOLF CLUB (THE),ROYAL SYDNEY GOLF CLUB (THE),U,151.26603236508407,-33.8731346144593,118011346,Rose Bay - Vaucluse - Watsons Bay
133763,517589537,3,Park,BRADLEY AVENUE RESERVE,BRADLEY AVENUE RESERVE,U,151.25895454974028,-33.884395318753675,118011649,Bellevue Hill
133789,517589723,1,Community Facility,THE GUNYAH,THE GUNYAH,U,151.28409126102113,-33.845599975496015,118011346,Rose Bay - Vaucluse - Watsons Bay
133851,517589935,3,Monument,ROSE BAY WAR MEMORIAL,ROSE BAY WAR MEMORIAL,S,151.262196336937,-33.872465265106044,118011346,Rose Bay - Vaucluse - Watsons Bay
133852,517589937,3,Monument,VAUCLUSE WAR MEMORIAL,VAUCLUSE WAR MEMORIAL,U,151.27447788610922,-33.850004938391,118011346,Rose Bay - Vaucluse - Watsons Bay
138731,518142667,4,Wharf,NIELSEN PARK WHARF,NIELSEN PARK WHARF,S,151.26645463974296,-33.85061114557866,118011346,Rose Bay - Vaucluse - Watsons Bay
140225,518298675,3,Picnic Area,NIELSEN PARK PICNIC AREA,NIELSEN PARK PICNIC AREA,S,151.26790536143466,-33.85103843095678,118011346,Rose Bay - Vaucluse - Watsons Bay
140226,518298676,3,Picnic Area,BOTTLE AND GLASS POINT,BOTTLE AND GLASS POINT,S,151.26944917374257,-33.84847270732413,118011346,Rose Bay - Vaucluse - Watsons Bay
140227,518298677,3,Picnic Area,SHAKESPEARES POINT,SHAKESPEARES POINT,S,151.26797402506165,-33.84909725452876,118011346,Rose Bay - Vaucluse - Watsons Bay
140304,518298778,3,Picnic Area,SHARK ISLAND PICNIC AREA,SHARK ISLAND PICNIC AREA,S,151.25775366300388,-33.85833816733267,118011346,Rose Bay - Vaucluse - Watsons Bay
140321,518298796,3,Picnic Area,SOUTH HEAD PICNIC AREA,SOUTH HEAD PICNIC AREA,S,151.28100318814592,-33.834639404120594,118011346,Rose Bay - Vaucluse - Watsons Bay
140438,518301385,3,Lookout,HORNBY LIGHTHOUSE SOUTH HEAD,HORNBY LIGHTHOUSE SOUTH HEAD,S,151.2800927168594,-33.83469405758872,118011346,Rose Bay - Vaucluse - Watsons Bay
140832,518309703,1,Homestead,STRICKLAND HOUSE,STRICKLAND HOUSE,S,151.26815100125748,-33.85643699733346,118011346,Rose Bay - Vaucluse - Watsons Bay
141788,518353760,3,Historic Site,SITE OF PUBLIC BATHS,SITE OF PUBLIC BATHS,S,151.2626483907476,-33.87062859100232,118011346,Rose Bay - Vaucluse - Watsons Bay
141789,518353761,3,Historic Site,SITE OF FORMER ROSE BAY FLYING BOAT BASE,SITE OF FORMER ROSE BAY FLYING BOAT BASE,S,151.26454414681413,-33.87036394715507,118011346,Rose Bay - Vaucluse - Watsons Bay
141790,518353762,3,Historic Site,,Historic Site,U,151.26957568258572,-33.864044762901614,118011346,Rose Bay - Vaucluse - Watsons Bay
141791,518353763,3,Historic Site,HERMIT BAY WHARF SLIPWAY AND LANDING,HERMIT BAY WHARF SLIPWAY AND LANDING,U,151.26880228792334,-33.85905450574853,118011346,Rose Bay - Vaucluse - Watsons Bay
141792,518353764,3,Historic Site,SHARK ISLAND,SHARK ISLAND,S,151.25826540806838,-33.85860867377279,118011346,Rose Bay - Vaucluse - Watsons Bay
141794,518353766,3,Historic Site,FORMER NIELSEN WHARF REMAINS,FORMER NIELSEN WHARF REMAINS,S,151.26439012796374,-33.85140399156098,118011346,Rose Bay - Vaucluse - Watsons Bay
141795,518353767,3,Historic Site,SHARK BEACH PROMENADE AND AMENITIES,SHARK BEACH PROMENADE AND AMENITIES,S,151.26643319785543,-33.85072999856459,118011346,Rose Bay - Vaucluse - Watsons Bay
141797,518353769,3,Historic Site,EAST PARSLEY BAY OBELISK,EAST PARSLEY BAY OBELISK,U,151.27860431084153,-33.850356433727086,118011346,Rose Bay - Vaucluse - Watsons Bay
141798,518353770,3,Historic Site,EAST PARSLEY BAY OBELISK,EAST PARSLEY BAY OBELISK,U,151.2774205271298,-33.848140296066155,118011346,Rose Bay - Vaucluse - Watsons Bay
141800,518353772,3,Monument,WEST PARSLEY BAY OBELISK,WEST PARSLEY BAY OBELISK,U,151.2748006247396,-33.84868804023445,118011346,Rose Bay - Vaucluse - Watsons Bay
141801,518353773,3,Historic Site,REMAINS OF VAUCLUSE POINT FERRY WHARF,REMAINS OF VAUCLUSE POINT FERRY WHARF,U,151.27463807189403,-33.84863564583752,118011346,Rose Bay - Vaucluse - Watsons Bay
141803,518353775,3,Historic Site,PILOT STATION,PILOT STATION,U,151.28113047672676,-33.846341619655014,118011346,Rose Bay - Vaucluse - Watsons Bay
141808,518353780,3,Monument,GREEN POINT OBELISK,GREEN POINT OBELISK,S,151.2768212044099,-33.840906910722126,118011346,Rose Bay - Vaucluse - Watsons Bay
142059,518359499,1,Community Facility,NPWS VAUCLUSE,NPWS VAUCLUSE,S,151.26640999886325,-33.851832738183454,118011346,Rose Bay - Vaucluse - Watsons Bay
147736,518359450,1,Community Facility,NPWS DEPOT,NPWS DEPOT,S,151.26789488258686,-33.85392373005971,118011346,Rose Bay - Vaucluse - Watsons Bay
148488,518401679,6,Beach,QUEENS BEACH,QUEENS BEACH,S,151.26893007866235,-33.861150598434925,118011346,Rose Bay - Vaucluse - Watsons Bay
148490,518401681,6,Beach,CAMP COVE BEACH,CAMP COVE BEACH,S,151.27875509396026,-33.83974674824382,118011346,Rose Bay - Vaucluse - Watsons Bay
160696,518461081,6,Beach,VAUCLUSE PARK,VAUCLUSE PARK,U,151.27314253954106,-33.85265337276341,118011346,Rose Bay - Vaucluse - Watsons Bay
161912,518465388,1,Library,WATSONS BAY TEA GARDENS AND LIBRARY,WATSONS BAY TEA GARDENS AND LIBRARY,U,151.28174043010966,-33.84522962924692,118011346,Rose Bay - Vaucluse - Watsons Bay
163642,504395383,3,Park,THORNTON PLAYGROUND,THORNTON PLAYGROUND,U,151.25866523742155,-33.87972668052546,118011649,Bellevue Hill
163852,512878842,5,Pumping Station,,Pumping Station,U,151.26853316254568,-33.86970507653906,118011346,Rose Bay - Vaucluse - Watsons Bay
163853,512879649,5,Pumping Station,,Pumping Station,U,151.28096138863742,-33.84167119790491,118011346,Rose Bay - Vaucluse - Watsons Bay
163854,512879909,5,Pumping Station,,Pumping Station,U,151.26031513806964,-33.87357315902312,118011649,Bellevue Hill
163879,517232990,3,Swimming Pool Facility,,Swimming Pool Facility,U,151.2660168655522,-33.87246291641358,118011346,Rose Bay - Vaucluse - Watsons Bay
2503,500294682,3,Park,HARBOURVIEW PARK,HARBOURVIEW PARK,U,151.24732895847342,-33.88827595097628,118011347,Woollahra
2504,500294716,1,Place Of Worship,ST COLUMBA UNITING CHURCH,ST COLUMBA UNITING CHURCH,U,151.24006861893864,-33.88676410360735,118011347,Woollahra
2587,500300626,1,Fire Station,WOOLLAHRA FIRE STATION,WOOLLAHRA FIRE STATION,U,151.24041778330977,-33.88670765791122,118011347,Woollahra
26603,504378789,3,Park,CHISWICK GARDENS,CHISWICK GARDENS,U,151.2397940066512,-33.886006934565046,118011347,Woollahra
26604,504378793,3,Park,GADEN RESERVE,GADEN RESERVE,U,151.24331849187124,-33.88754876590865,118011347,Woollahra
26605,504378794,1,Community Facility,WOOLLAHRA SENIORS AND COMMUNITY CENTRE,WOOLLAHRA SENIORS AND COMMUNITY CENTRE,U,151.24320258763998,-33.88770510629581,118011347,Woollahra
26608,504378797,1,General Hospital,WOLPER JEWISH HOSPITAL,WOLPER JEWISH HOSPITAL,U,151.24094768871606,-33.884174033812506,118011347,Woollahra
26610,504378800,1,Place Of Worship,PARISH OF ST JOSEPH,PARISH OF ST JOSEPH,U,151.23905248870665,-33.880778101408765,118011650,Double Bay - Darling Point
26614,504378804,3,Park,EUROKA RESERVE,EUROKA RESERVE,U,151.23846112595845,-33.88304713607406,118011347,Woollahra
26615,504378805,1,Place Of Worship,ALL SAINTS' CHURCH,ALL SAINTS' CHURCH,U,151.23920702768166,-33.88304190083213,118011347,Woollahra
26631,504378830,3,Sports Field,,BOWLING GREENS,U,151.24700792215046,-33.88210719096562,118011649,Bellevue Hill
26632,504378831,3,Club,DOUBLE BAY BOWLING CLUB,DOUBLE BAY BOWLING CLUB,U,151.24721311622596,-33.88164908686491,118011649,Bellevue Hill
26637,504378846,3,Sports Field,LOUGH PLAYING FIELDS,LOUGH PLAYING FIELDS,U,151.24685756034154,-33.88481905460645,118011650,Double Bay - Darling Point
26638,504378847,3,Park,COOPER PARK,COOPER PARK,U,151.2491567587854,-33.88666992849297,118011347,Woollahra
27184,504395189,1,Community Facility,COOPER PARK COMMUNITY HALL,COOPER PARK COMMUNITY HALL,U,151.25330447269167,-33.885135483507675,118011649,Bellevue Hill
27278,504395367,3,Park,PLUMB RESERVE,PLUMB RESERVE,U,151.25189407098316,-33.8887799329219,118011347,Woollahra
27287,504395385,3,Sports Court,COOPER PARK TENNIS COURTS,COOPER PARK TENNIS COURTS,U,151.25139192711242,-33.88677224323295,118011347,Woollahra
53083,511748491,8,Suburb,BELLEVUE HILL,BELLEVUE HILL,U,151.25372024893773,-33.882225775636,118011649,Bellevue Hill
53086,511748494,8,Suburb,WOOLLAHRA,WOOLLAHRA,U,151.24265374934075,-33.888358948295135,118011347,Woollahra
70536,512862491,1,Community Facility,HOLDSWORTH COMMUNITY CENTRE,HOLDSWORTH COMMUNITY CENTRE,U,151.23795700040424,-33.886492997329064,118011347,Woollahra
106759,515398470,3,Park,PAT THOMPSON PARK,PAT THOMPSON PARK,U,151.23786131006355,-33.88639459958277,118011347,Woollahra
109201,515789793,1,Nursing Home,ST VINCENT'S CARE SERVICES EDGECLIFF,ST VINCENT'S CARE SERVICES EDGECLIFF,U,151.2383204542766,-33.880870116536144,118011650,Double Bay - Darling Point
109333,515791081,1,Nursing Home,UNITING RONALD COLEMAN LODGE WOOLLAHRA,UNITING RONALD COLEMAN LODGE WOOLLAHRA,U,151.23988954517662,-33.889401208445825,118011347,Woollahra
109417,515791819,1,Retirement Village,LOUGH NEAGH,LOUGH NEAGH,U,151.24918755842322,-33.88776918079012,118011347,Woollahra
115773,517014446,2,Primary School,WOOLLAHRA PUBLIC SCHOOL,WOOLLAHRA PUBLIC SCHOOL,U,151.2410367908125,-33.88651665339868,118011347,Woollahra
120335,517208775,1,Retirement Village,ANGLICARE GOODWIN VILLAGE,ANGLICARE GOODWIN VILLAGE,U,151.23775710369392,-33.883745071489386,118011347,Woollahra
123619,517331787,1,Embassy,CONSULATE-GENERAL OF BARBADOS,CONSULATE-GENERAL OF BARBADOS,U,151.25119360784373,-33.884521333860704,118011649,Bellevue Hill
123648,517331854,1,Embassy,CONSULATE-GENERAL FEDERAL REPUBLIC OF GERMANY,CONSULATE-GENERAL FEDERAL REPUBLIC OF GERMANY,U,151.2398423315219,-33.883517673384716,118011347,Woollahra
123706,517332403,1,Embassy,CONSULATE-GENERAL OF THE REPUBLIC OF POLAND,CONSULATE-GENERAL OF THE REPUBLIC OF POLAND,U,151.2402738489467,-33.88393596810703,118011347,Woollahra
123709,517332407,1,Community Facility,CONSULATE-GENERAL OF THE RUSSIAN FEDERATION,CONSULATE-GENERAL OF THE RUSSIAN FEDERATION,U,151.24108144965857,-33.884521746259374,118011347,Woollahra
123711,517332409,1,Embassy,CONSULATE-GENERAL OF THE REPUBLIC OF SERBIA,CONSULATE-GENERAL OF THE REPUBLIC OF SERBIA,U,151.23962761799936,-33.88416879863973,118011347,Woollahra
123726,517332557,1,Embassy,CONSULATE-GENERAL OF THE REPUBLIC OF TURKEY,CONSULATE-GENERAL OF THE REPUBLIC OF TURKEY,U,151.23900324036785,-33.885291008002156,118011347,Woollahra
133764,517589538,3,Park,MARCH STREET RESERVE,MARCH STREET RESERVE,U,151.25316831863725,-33.88259449079881,118011649,Bellevue Hill
133768,517589542,3,Park,EPPING RESERVE,EPPING RESERVE,U,151.24658200751801,-33.88308020385332,118011650,Double Bay - Darling Point
133786,517589720,3,Park,ELM'S RESERVE,ELM'S RESERVE,U,151.24068818160015,-33.8883391376413,118011347,Woollahra
2470,500280379,3,Park,ROSE BAY PARK,ROSE BAY PARK,U,151.25313376224491,-33.86959003305632,118011649,Bellevue Hill
24888,504330483,3,Sports Field,,OVAL,U,151.25232194843448,-33.870959397641045,118011649,Bellevue Hill
25132,504331473,3,Park,DUFF RESERVE,DUFF RESERVE,U,151.251095398627,-33.86432330948772,118011649,Bellevue Hill
25134,504331475,1,Local Government Chambers,WOOLLAHRA MUNICIPAL COUNCIL,WOOLLAHRA MUNICIPAL COUNCIL,U,151.24762322769587,-33.872611118108814,118011649,Bellevue Hill
26629,504378827,3,Park,FOSTER PARK,FOSTER PARK,U,151.24663723504338,-33.87470240595647,118011649,Bellevue Hill
26630,504378829,3,Park,DAVID JOEL RESERVE,DAVID JOEL RESERVE,U,151.24940762410824,-33.87565369907343,118011649,Bellevue Hill
26636,504378843,1,Post Office,DOUBLE BAY POST OFFICE,DOUBLE BAY POST OFFICE,U,151.24485617227904,-33.87732788351402,118011649,Bellevue Hill
27284,504395380,3,Park,BELLEVUE PARK,BELLEVUE PARK,U,151.26064888555385,-33.88711636113417,118011649,Bellevue Hill
27285,504395381,2,Combined Primary-Secondary School,THE SCOTS COLLEGE,THE SCOTS COLLEGE,U,151.2532123585441,-33.875411949819224,118011649,Bellevue Hill
30355,504650812,4,Marina,ROYAL MOTOR YACHT CLUB MARINA,ROYAL MOTOR YACHT CLUB MARINA,U,151.25429540428152,-33.86709204927496,118011649,Bellevue Hill
52087,511718668,6,Beach,LADY MARTINS BEACH,LADY MARTINS BEACH,U,151.25335406149196,-33.8649353428686,118011649,Bellevue Hill
52088,511718669,7,Headland,WOOLLAHRA POINT,WOOLLAHRA POINT,U,151.2561546770695,-33.864102643086824,118011649,Bellevue Hill
52089,511718670,7,Headland,POINT PIPER,POINT PIPER,U,151.252288673938,-33.86404786446598,118011649,Bellevue Hill
52872,511739029,6,Beach,SEVEN SHILLINGS BEACH,SEVEN SHILLINGS BEACH,U,151.24850792721526,-33.87143063409683,118011649,Bellevue Hill
53287,511754177,8,Suburb,POINT PIPER,POINT PIPER,U,151.2512250084545,-33.869314641574846,118011649,Bellevue Hill
72056,513096408,4,Marina,POINT PIPER MARINA,POINT PIPER MARINA,U,151.25342074433377,-33.868371012676654,118011649,Bellevue Hill
72057,513096630,3,Club,ROYAL PRINCE EDWARD YACHT CLUB,ROYAL PRINCE EDWARD YACHT CLUB,U,151.25324198498217,-33.86529102475194,118011649,Bellevue Hill
106767,515398634,3,Park,BUNGAREE RESERVE,BUNGAREE RESERVE,U,151.25336164506962,-33.87067973898563,118011649,Bellevue Hill
115836,517014510,2,Primary School,BELLEVUE HILL PUBLIC SCHOOL,BELLEVUE HILL PUBLIC SCHOOL,U,151.25958902892714,-33.886863263061045,118011649,Bellevue Hill
115837,517014511,2,Primary School,THE SCOTS COLLEGE PREPARATORY SCHOOL,THE SCOTS COLLEGE PREPARATORY SCHOOL,U,151.25346110024967,-33.87959919509482,118011649,Bellevue Hill
115930,517014607,2,Combined Primary-Secondary School,CRANBROOK SCHOOL,CRANBROOK SCHOOL,U,151.25163778163264,-33.8723837470179,118011649,Bellevue Hill
117741,517087988,1,Post Office,BELLEVUE HILL POST OFFICE,BELLEVUE HILL POST OFFICE,U,151.2587821540541,-33.88661947914733,118011649,Bellevue Hill
120693,517210933,1,Nursing Home,BERESFORD HALL,BERESFORD HALL,U,151.25509145086215,-33.87161589195896,118011649,Bellevue Hill
122164,517233606,2,Primary School,THE SCOTS COLLEGE EARLY LEARNING CENTRE,THE SCOTS COLLEGE EARLY LEARNING CENTRE,U,151.25307214410466,-33.879911544502576,118011649,Bellevue Hill
123645,517331845,1,Embassy,CONSULATE OF FINLAND,CONSULATE OF FINLAND,U,151.24755724374333,-33.87381400355904,118011649,Bellevue Hill
123687,517332243,1,Embassy,CONSULATE OF MALAYSIA,CONSULATE OF MALAYSIA,U,151.25337358457801,-33.87752727881453,118011649,Bellevue Hill
126622,517400609,4,Slipway,,Slipway,U,151.2454986572517,-33.873658854933645,118011650,Double Bay - Darling Point
126645,517400717,4,Slipway,,Slipway,S,151.25354828354455,-33.86851253533701,118011649,Bellevue Hill
133767,517589541,3,Park,BLACKBURN GARDENS,BLACKBURN GARDENS,U,151.24749307079435,-33.87219546712307,118011649,Bellevue Hill
133827,517589861,1,Community Facility,WOOLLAHRA LOCAL HISTORY CENTRE,WOOLLAHRA LOCAL HISTORY CENTRE,U,151.24644233116945,-33.87495455336872,118011649,Bellevue Hill
141785,518353757,3,Historic Site,CHINESE BOATSHED,CHINESE BOATSHED,U,151.2500214959425,-33.86988045678149,118011649,Bellevue Hill
141786,518353758,3,Historic Site,SITE OF WHARF WINGADAL PLACE,SITE OF WHARF WINGADAL PLACE,U,151.24890046045167,-33.867505396421635,118011649,Bellevue Hill
141787,518353759,3,Historic Site,REMAINS OF WESTERN ROSE BAY FERRY WHARF,REMAINS OF WESTERN ROSE BAY FERRY WHARF,S,151.25518020351393,-33.87104163312074,118011649,Bellevue Hill
160579,500280390,1,Police Station,ROSE BAY POLICE STATION,ROSE BAY POLICE STATION,U,151.2526678779723,-33.86981125512375,118011649,Bellevue Hill
160694,518461079,6,Beach,BELLAMY BEACH,BELLAMY BEACH,S,151.25349511855114,-33.869445452583385,118011649,Bellevue Hill
161913,518465389,1,Library,DOUBLE BAY LIBRARY-ST BRIGIDS,DOUBLE BAY LIBRARY-ST BRIGIDS,U,151.24852894779286,-33.872479213309646,118011649,Bellevue Hill
163830,504395411,3,Swimming Pool Facility,,Swimming Pool Facility,U,151.2537548942633,-33.87382270753043,118011649,Bellevue Hill
2523,500295315,3,Park,DOUBLE BAY PARK,DOUBLE BAY PARK,U,151.2415656658512,-33.87396769975142,118011650,Double Bay - Darling Point
2586,500300615,1,Place Of Worship,ST MARK'S CHURCH,ST MARK'S CHURCH,U,151.2364036327166,-33.87474287787584,118011650,Double Bay - Darling Point
3097,500324207,3,Park,RUSHCUTTERS BAY PARK,RUSHCUTTERS BAY PARK,U,151.23115827904277,-33.8755617290373,118011650,Double Bay - Darling Point
25133,504331474,1,Library,WOOLLAHRA LIBRARY,WOOLLAHRA LIBRARY,U,151.24383314927394,-33.87771886579072,118011650,Double Bay - Darling Point
25136,504331478,3,Park,MCKELL PARK,MCKELL PARK,U,151.23956400919243,-33.86691172095773,118011650,Double Bay - Darling Point
25137,504331479,3,Park,YARRANABBE PARK,YARRANABBE PARK,S,151.23559252677853,-33.87040450914451,118011650,Double Bay - Darling Point
25138,504331481,3,Park,SIR DAVID MARTIN RESERVE,SIR DAVID MARTIN RESERVE,S,151.23510054824357,-33.87270007659331,118011650,Double Bay - Darling Point
26628,504378825,3,Park,,Park,U,151.2360750846812,-33.874203381227744,118011650,Double Bay - Darling Point
26633,504378837,1,Community Facility,DOUBLE BAY SAILING CLUB,DOUBLE BAY SAILING CLUB,S,151.24226039234918,-33.87345295204943,118011650,Double Bay - Darling Point
26634,504378838,3,Club,AUSTRALIAN 18 FOOTERS LEAGUE,AUSTRALIAN 18 FOOTERS LEAGUE,S,151.24254276697894,-33.873580321360215,118011650,Double Bay - Darling Point
26635,504378842,1,Place Of Worship,THE VILLAGE CHURCH,THE VILLAGE CHURCH,U,151.24413330785134,-33.87654540866802,118011650,Double Bay - Darling Point
36332,505141031,4,Wharf,DOUBLE BAY WHARF,DOUBLE BAY WHARF,S,151.24250223140012,-33.873332674051134,118011650,Double Bay - Darling Point
52873,511739030,7,Headland,DARLING POINT,DARLING POINT,U,151.24013376835626,-33.866750512748204,118011650,Double Bay - Darling Point
53142,511751709,8,Suburb,DOUBLE BAY,DOUBLE BAY,U,151.24132658732313,-33.87853621917109,118011650,Double Bay - Darling Point
53319,511754970,8,Suburb,DARLING POINT,DARLING POINT,U,151.2381902883919,-33.87087059099105,118011650,Double Bay - Darling Point
108262,515680701,3,Club,CRUISING YACHT CLUB OF AUSTRALIA,CRUISING YACHT CLUB OF AUSTRALIA,U,151.23375042888054,-33.874196828292845,118011650,Double Bay - Darling Point
115774,517014447,2,Primary School,DOUBLE BAY PUBLIC SCHOOL,DOUBLE BAY PUBLIC SCHOOL,U,151.24077659379043,-33.87499030181874,118011650,Double Bay - Darling Point
123655,517331907,1,Embassy,CONSULATE-GENERAL OF ICELAND,CONSULATE-GENERAL OF ICELAND,U,151.2355013001665,-33.87299200679349,118011650,Double Bay - Darling Point
126593,517400532,4,Slipway,,Slipway,U,151.23459041655326,-33.873227024177076,118011650,Double Bay - Darling Point
126594,517400533,4,Slipway,,Slipway,U,151.23464895167547,-33.87320811024698,118011650,Double Bay - Darling Point
126621,517400597,4,Slipway,,Slipway,S,151.235073037338,-33.87225601045241,118011650,Double Bay - Darling Point
128931,517417654,1,Community Medical Centre,DOUBLE BAY EARLY CHILDHOOD HEALTH CENTRE,DOUBLE BAY EARLY CHILDHOOD HEALTH CENTRE,U,151.2446070011788,-33.87642700404974,118011650,Double Bay - Darling Point
132359,517571499,1,Community Medical Centre,RUSHCUTTERS BAY DEMENTIA DAY CARE CENTRE,RUSHCUTTERS BAY DEMENTIA DAY CARE CENTRE,U,151.23528406776785,-33.87270065910324,118011650,Double Bay - Darling Point
133770,517589570,3,Park,GUILFOYLE PARK,GUILFOYLE PARK,U,151.2410815215237,-33.87629914152538,118011650,Double Bay - Darling Point
133847,517589928,3,Monument,DOUBLE BAY WAR MEMORIAL,DOUBLE BAY WAR MEMORIAL,U,151.24201536158412,-33.87462394419755,118011650,Double Bay - Darling Point
141323,518348568,1,General Hospital,DOUBLE BAY DAY HOSPITAL,DOUBLE BAY DAY HOSPITAL,U,151.24392872373193,-33.87759297562831,118011650,Double Bay - Darling Point
141778,518353708,3,Historic Site,REMAINS OF BATH HOUSE AND SITE OF JETTY,REMAINS OF BATH HOUSE AND SITE OF JETTY,S,151.23929929364445,-33.86675016366545,118011650,Double Bay - Darling Point
141782,518353725,3,Historic Site,SITE OF PUBLIC WHARF (NOW OCCUPIED BY NEW WHARF),SITE OF PUBLIC WHARF (NOW OCCUPIED BY NEW WHARF),S,151.24237425291315,-33.873663525402314,118011650,Double Bay - Darling Point
160693,518461078,6,Beach,DOUBLE BAY BEACH,DOUBLE BAY BEACH,S,151.24330984109505,-33.873859666208986,118011650,Double Bay - Darling Point
2515,500295060,3,Park,RALEIGH PARK,RALEIGH PARK,U,151.21772761124734,-33.905730235955744,118021564,Kensington (NSW)
2593,500300748,3,Park,WILLS RESERVE,WILLS RESERVE,U,151.21978325755302,-33.9079919282807,118021564,Kensington (NSW)
3105,500324396,3,Golf Course,THE AUSTRALIAN GOLF COURSE,THE AUSTRALIAN GOLF COURSE,U,151.214978430508,-33.91668411181059,118021564,Kensington (NSW)
3110,500324507,3,Racecourse,RANDWICK RACECOURSE,RANDWICK RACECOURSE,U,151.23023058795056,-33.91045467414755,118021570,Randwick - South
3111,500324518,2,University,UNIVERSITY OF NEW SOUTH WALES KENSINGTON CAMPUS,UNIVERSITY OF NEW SOUTH WALES KENSINGTON CAMPUS,U,151.23082388656817,-33.91753148566523,118021564,Kensington (NSW)
26801,504379233,2,University,UNIVERSITY OF NEW SOUTH WALES RANDWICK CAMPUS,UNIVERSITY OF NEW SOUTH WALES RANDWICK CAMPUS,U,151.23477184749456,-33.906454086199595,118021569,Randwick - North
26821,504379265,3,Park,WRITTLE PARK,WRITTLE PARK,U,151.23648430861562,-33.91465752579742,118021570,Randwick - South
26834,504379283,3,Sports Field,THE VILLAGE GREEN,THE VILLAGE GREEN,U,151.22796698614815,-33.91839063817877,118021564,Kensington (NSW)
26835,504379284,3,Sports Court,,TENNIS COURTS,U,151.22710278618362,-33.9184790859965,118021564,Kensington (NSW)
26836,504379285,3,Sports Court,,TENNIS COURTS,U,151.2268615930214,-33.91770637249279,118021564,Kensington (NSW)
26846,504379306,3,Park,PAINE RESERVE,PAINE RESERVE,U,151.2356752643112,-33.92442401502498,118021570,Randwick - South
26849,504379320,1,Place Of Worship,ST GEORGE COPTIC ORTHODOX CHURCH,ST GEORGE COPTIC ORTHODOX CHURCH,U,151.2240774345798,-33.90872481460507,118021564,Kensington (NSW)
26850,504379322,1,Post Office,KENSINGTON POST OFFICE,KENSINGTON POST OFFICE,U,151.2237569812635,-33.9095691587465,118021564,Kensington (NSW)
26852,504379326,3,Park,,Park,U,151.2200347418151,-33.90619584300695,118021564,Kensington (NSW)
26854,504379328,1,Place Of Worship,ST MARTIN'S ANGLICAN CHURCH,ST MARTIN'S ANGLICAN CHURCH,U,151.2195642321171,-33.90993467370024,118021564,Kensington (NSW)
26857,504379334,1,Nursing Home,ST JOSEPHS AGED CARE FACILITY FOR RELIGIOUS,ST JOSEPHS AGED CARE FACILITY FOR RELIGIOUS,U,151.21936287384787,-33.91252838347627,118021564,Kensington (NSW)
26858,504379335,1,Convent/Monastery,KENSINGTON CONVENT,KENSINGTON CONVENT,U,151.21974996598857,-33.91298975921545,118021564,Kensington (NSW)
26859,504379336,1,Convent/Monastery,ST PAULS SEMINARY,ST PAULS SEMINARY,U,151.2203153234076,-33.91415973823588,118021564,Kensington (NSW)
26861,504379338,3,Park,KENSINGTON PARK,KENSINGTON PARK,U,151.22291184804084,-33.92003872834689,118021564,Kensington (NSW)
26863,504379342,3,Sports Court,,TENNIS COURTS,U,151.21215389818437,-33.917210879382736,118021564,Kensington (NSW)
40412,505397481,3,Park,SHAW RESERVE,SHAW RESERVE,U,151.23356249054333,-33.922114328902296,118021565,Kingsford
53138,511751704,8,Suburb,KENSINGTON,KENSINGTON,U,151.21870726628552,-33.91463207718846,118021564,Kensington (NSW)
106769,515398701,3,Park,GEORGE DAN RESERVE,GEORGE DAN RESERVE,U,151.23591990071588,-33.91180570755298,118021570,Randwick - South
108231,515679618,1,Community Facility,AUSTRALIAN JOCKEY CLUB,AUSTRALIAN JOCKEY CLUB,U,151.22920222266447,-33.90683760097757,118021570,Randwick - South
108249,515680465,1,Community Facility,CASTELLORIZIAN CLUB,CASTELLORIZIAN CLUB,U,151.22719435325715,-33.921836436885286,118021565,Kingsford
115796,517014469,2,Primary School,KENSINGTON PUBLIC SCHOOL,KENSINGTON PUBLIC SCHOOL,U,151.22506106106982,-33.909250955178514,118021564,Kensington (NSW)
115797,517014470,2,Primary School,OUR LADY OF THE ROSARY CATHOLIC PRIMARY SCHOOL,OUR LADY OF THE ROSARY CATHOLIC PRIMARY SCHOOL,U,151.22080745555454,-33.912755808599556,118021564,Kensington (NSW)
117959,517103163,1,Post Office,UNIVERSITY OF NSW POST OFFICE,UNIVERSITY OF NSW POST OFFICE,U,151.2336099727943,-33.91778613420902,118021564,Kensington (NSW)
123653,517331903,1,Embassy,CONSULATE OF GREECE,CONSULATE OF GREECE,U,151.21717197000646,-33.90768342433686,118021564,Kensington (NSW)
130731,517473274,3,Club,AUSTRALIAN GOLF CLUB (THE),AUSTRALIAN GOLF CLUB (THE),U,151.2121716201483,-33.9181514789944,118021564,Kensington (NSW)
133971,517590543,3,Park,INGRAM STREET RESERVE,INGRAM STREET RESERVE,U,151.21333968873242,-33.91096269916823,118021564,Kensington (NSW)
134002,517590632,3,Park,SIMEON PEARCE PARK,SIMEON PEARCE PARK,U,151.23630953778388,-33.922302752053525,118021570,Randwick - South
134029,517590765,1,Place Of Worship,INDONESIAN PRESBYTERIAN CHURCH,INDONESIAN PRESBYTERIAN CHURCH,U,151.22681024711636,-33.92434440562117,118021565,Kingsford
139581,518261186,4,Railway Station,KENSINGTON LIGHT RAIL STOP,KENSINGTON LIGHT RAIL STOP,U,151.22338428552345,-33.90952159547202,118021564,Kensington (NSW)
139582,518261188,4,Railway Station,KINGSFORD LIGHT RAIL STOP,KINGSFORD LIGHT RAIL STOP,U,151.22699298690307,-33.922283802044284,118021565,Kingsford
139588,518261199,4,Railway Station,UNSW ANZAC PARADE LIGHT RAIL STOP,UNSW ANZAC PARADE LIGHT RAIL STOP,U,151.22578377278396,-33.91591762835182,118021564,Kensington (NSW)
139589,518261200,4,Railway Station,UNSW HIGH STREET LIGHT RAIL STOP,UNSW HIGH STREET LIGHT RAIL STOP,U,151.2358470410581,-33.91640220338526,118021570,Randwick - South
139590,518261202,4,Railway Station,WANSEY ROAD LIGHT RAIL STOP,WANSEY ROAD LIGHT RAIL STOP,U,151.23538100407185,-33.910664986934165,118021570,Randwick - South
141140,518344574,3,Park,PHYSICS LAWN,PHYSICS LAWN,U,151.22927247271627,-33.91888409606562,118021564,Kensington (NSW)
141546,518351995,1,Nursing Home,ST BASIL'S KENSINGTON,ST BASIL'S KENSINGTON,U,151.2185152576817,-33.907839961914014,118021564,Kensington (NSW)
141566,518352143,1,Nursing Home,ST JOSEPH'S AGED CARE FACILITY KENSINGTON,ST JOSEPH'S AGED CARE FACILITY KENSINGTON,U,151.22047023967497,-33.911315592562964,118021564,Kensington (NSW)
145332,504379333,2,High School,OUR LADY OF THE SACRED HEART COLLEGE,OUR LADY OF THE SACRED HEART COLLEGE,U,151.2198366920411,-33.911717976699016,118021564,Kensington (NSW)
145333,518383810,2,Primary School,ST JOSEPH'S ROSEBERY KENSINGTON CAMPUS,ST JOSEPH'S ROSEBERY KENSINGTON CAMPUS,U,151.22025827679377,-33.91230221317672,118021564,Kensington (NSW)
147444,518400199,1,Community Facility,RANDWICK CITY COUNCIL COMMUNITY NURSERY,RANDWICK CITY COUNCIL COMMUNITY NURSERY,U,151.22418405202768,-33.92026880730354,118021565,Kingsford
154027,518439502,3,Park,,Park,U,151.22357423249366,-33.92125354492636,118021565,Kingsford
154045,504379323,3,Park,KOKODA PARK,KOKODA PARK,U,151.22495452357214,-33.907639016651544,118021564,Kensington (NSW)
154046,504379337,3,Park,FITZPATRICK PARK,FITZPATRICK PARK,U,151.22006909249333,-33.917331122348344,118021564,Kensington (NSW)
154047,504379340,3,Sports Field,KENSINGTON PARK,KENSINGTON PARK,U,151.2221118848056,-33.920365994137924,118021564,Kensington (NSW)
163641,504379327,3,Park,LES BRIDGES PLAYGROUND,LES BRIDGES PLAYGROUND,U,151.21403568814318,-33.90911609209401,118021564,Kensington (NSW)
163868,515790742,1,Nursing Home,CASTELLORIZIAN NURSING HOME,CASTELLORIZIAN NURSING HOME,U,151.2185969289141,-33.909373842590185,118021564,Kensington (NSW)
170318,504379330,1,Place Of Worship,OUR LADY OF ROSARY,OUR LADY OF ROSARY,U,151.22077707632826,-33.91326642392375,118021564,Kensington (NSW)
26848,504379313,3,Club,SOUTH SYDNEY JUNIOR RUGBY LEAGUE CLUB,SOUTH SYDNEY JUNIOR RUGBY LEAGUE CLUB,U,151.2305947496954,-33.92548087701948,118021565,Kingsford
29084,504594042,3,Park,KENSINGTON ROTARY RESERVE,KENSINGTON ROTARY RESERVE,U,151.22088254662745,-33.925053617753775,118021565,Kingsford
53131,511751594,8,Suburb,KINGSFORD,KINGSFORD,U,151.23042628952845,-33.92617057448948,118021565,Kingsford
67080,512721769,1,General Hospital,PRINCE OF WALES PRIVATE HOSPITAL,PRINCE OF WALES PRIVATE HOSPITAL,U,151.23871221586018,-33.91880724784342,118021570,Randwick - South
67112,512729261,1,General Hospital,ROYAL HOSPITAL FOR WOMEN,ROYAL HOSPITAL FOR WOMEN,U,151.2378617134071,-33.91903847364,118021570,Randwick - South
67113,512729262,1,Childrens Hospital,SYDNEY CHILDREN'S HOSPITAL,SYDNEY CHILDREN'S HOSPITAL,U,151.23828777176993,-33.91751422082422,118021570,Randwick - South
70458,512862400,1,Community Facility,HOLY TRINITY ANGLICAN CHURCH HALL,HOLY TRINITY ANGLICAN CHURCH HALL,U,151.2321895494805,-33.92677856548012,118021565,Kingsford
107269,515558859,2,Primary School,ST SPYRIDON COLLEGE JUNIOR SCHOOL CAMPUS,ST SPYRIDON COLLEGE JUNIOR SCHOOL CAMPUS,U,151.2242127010987,-33.92526538305716,118021565,Kingsford
108408,515686876,1,Place Of Worship,HOLY TRINITY ANGLICAN CHURCH,HOLY TRINITY ANGLICAN CHURCH,U,151.2319009540174,-33.92656620018047,118021565,Kingsford
108410,515686878,1,Place Of Worship,KINGSFORD CHURCH OF CHRIST,KINGSFORD CHURCH OF CHRIST,U,151.22881332940153,-33.92529773379672,118021565,Kingsford
115920,517014597,2,High School,RANDWICK BOYS HIGH SCHOOL,RANDWICK BOYS HIGH SCHOOL,U,151.238186003428,-33.92521077415201,118021570,Randwick - South
115921,517014598,2,High School,RANDWICK GIRLS HIGH SCHOOL,RANDWICK GIRLS HIGH SCHOOL,U,151.23919239861718,-33.921608805660995,118021570,Randwick - South
117055,517015819,2,Primary School,RAINBOW STREET PUBLIC SCHOOL,RAINBOW STREET PUBLIC SCHOOL,U,151.23703279657187,-33.92509156275021,118021570,Randwick - South
117219,517015996,2,Special School,SYDNEY CHILDRENS HOSPITAL SCHOOL,SYDNEY CHILDRENS HOSPITAL SCHOOL,U,151.2386253999762,-33.917597890415486,118021570,Randwick - South
117860,517099025,1,Post Office,KINGSFORD POST OFFICE,KINGSFORD POST OFFICE,U,151.22735875303897,-33.92479533923715,118021565,Kingsford
133994,517590602,3,Park,BENVENUE RESERVE,BENVENUE RESERVE,U,151.23910550188484,-33.93414751294207,118021566,Maroubra - North
139293,518254301,3,Park,INGLIS PARK,INGLIS PARK,U,151.2378231415454,-33.922058071344914,118021570,Randwick - South
139580,518261185,4,Railway Station,JUNIORS KINGSFORD LIGHT RAIL STOP,JUNIORS KINGSFORD LIGHT RAIL STOP,U,151.2294582245541,-33.92514732783593,118021565,Kingsford
147399,518400153,3,Park,HOLMES ST RESERVE,HOLMES ST RESERVE,U,151.23892095109454,-33.93314125262772,118021566,Maroubra - North
154019,518439442,3,Park,,Park,U,151.23774344301336,-33.933214488013455,118021565,Kingsford
163862,515686880,1,Place Of Worship,ST SPYRIDON GREEK ORTHODOX PARISH OF SOUTH EAST SYDNEY CHURCH,ST SPYRIDON GREEK ORTHODOX PARISH OF SOUTH EAST SYDNEY CHURCH,U,151.22459291663597,-33.92511413399973,118021565,Kingsford
2307,500267337,3,Park,LATHAM PARK,LATHAM PARK,U,151.25129786811226,-33.93515731423556,118021654,South Coogee
3027,500322363,3,Park,WALTER WILLIAMSON PARK,WALTER WILLIAMSON PARK,U,151.24474638198163,-33.937415367335944,118021566,Maroubra - North
3028,500322374,3,Park,QUARRY RESERVE,QUARRY RESERVE,U,151.2486972920771,-33.93779860413984,118021566,Maroubra - North
3029,500322407,1,Post Office,MAROUBRA POST OFFICE,MAROUBRA POST OFFICE,U,151.23845626786942,-33.93970630948576,118021568,Maroubra - West
3030,500322429,1,Place Of Worship,MAROUBRA BAPTIST CHURCH,MAROUBRA BAPTIST CHURCH,U,151.24159729104073,-33.942816514661295,118021567,Maroubra - South
26933,504379479,1,SES Facility,RANDWICK SES,RANDWICK SES,U,151.2461166873874,-33.937936856078956,118021566,Maroubra - North
26954,504379519,3,Sports Court,,TENNIS COURTS,U,151.24877249993105,-33.934872904572615,118021654,South Coogee
26955,504379520,3,Sports Field,,BOWLING GREENS,U,151.24873926136718,-33.93546639171754,118021654,South Coogee
26956,504379521,3,Club,SOUTH COOGEE BOWLING CLUB,SOUTH COOGEE BOWLING CLUB,U,151.2483997143595,-33.93568974738578,118021654,South Coogee
26957,504379522,1,Fire Station,MAROUBRA FIRE STATION,MAROUBRA FIRE STATION,U,151.24701970086045,-33.94288577035487,118021567,Maroubra - South
26958,504379523,1,Place Of Worship,ST JOHNS ANGLICAN CHURCH,ST JOHNS ANGLICAN CHURCH,U,151.2490009819319,-33.94326101150994,118021567,Maroubra - South
27197,504395212,3,Sports Centre,COOGEE SOUTH SPORTING CENTRE,COOGEE SOUTH SPORTING CENTRE,U,151.25760036999216,-33.9347668971661,118021654,South Coogee
27198,504395213,3,Park,POPPLEWELL PARK,POPPLEWELL PARK,U,151.25693768101047,-33.93464411718127,118021654,South Coogee
27200,504395215,3,Park,GOLLAN PARK,GOLLAN PARK,U,151.25486294101344,-33.93434544649146,118021654,South Coogee
27201,504395216,3,Sports Field,,FOOTBALL FIELD,U,151.25191860577021,-33.9354801969535,118021654,South Coogee
27202,504395217,3,Sports Court,POPPELWELL PARK TENNIS COURTS,POPPELWELL PARK TENNIS COURTS,U,151.2572766450116,-33.934863860263995,118021654,South Coogee
27204,504395221,3,Park,FOWLER RESERVE,FOWLER RESERVE,U,151.25534813457313,-33.93755407601124,118021654,South Coogee
51827,511713021,7,Headland,MISTRAL POINT,MISTRAL POINT,S,151.2651834760052,-33.94150534457714,118021566,Maroubra - North
53101,511749320,8,Suburb,SOUTH COOGEE,SOUTH COOGEE,U,151.25425004654622,-33.93454727904531,118021654,South Coogee
108769,515705158,3,Sports Field,,FOOTBALL FIELD,U,151.2505618622303,-33.9352540711849,118021654,South Coogee
109209,515789946,1,Nursing Home,BUPA MAROUBRA,BUPA MAROUBRA,U,151.24791506787378,-33.94243324231584,118021566,Maroubra - North
109268,515790554,1,Nursing Home,MAROUBRA SHORES,MAROUBRA SHORES,U,151.2394851802296,-33.93778376929986,118021566,Maroubra - North
109297,515790780,1,Nursing Home,SOUTHERN CROSS CARE SOUTH COOGEE RESIDENTIAL AGED CARE,SOUTHERN CROSS CARE SOUTH COOGEE RESIDENTIAL AGED CARE,U,151.2562429814619,-33.93725407848375,118021654,South Coogee
109305,515790820,1,Nursing Home,SOUTHERN CROSS CARE KILDARE RESIDENTIAL AGED CARE,SOUTHERN CROSS CARE KILDARE RESIDENTIAL AGED CARE,U,151.2429324040469,-33.94149633599974,118021566,Maroubra - North
109454,515792109,1,Retirement Village,IVAN COURT,IVAN COURT,U,151.24597821208633,-33.93617179444897,118021566,Maroubra - North
115801,517014474,2,Primary School,ST AIDAN'S CATHOLIC PRIMARY SCHOOL,ST AIDAN'S CATHOLIC PRIMARY SCHOOL,U,151.24240925666652,-33.94155467337753,118021566,Maroubra - North
115831,517014505,2,Primary School,SOUTH COOGEE PUBLIC SCHOOL,SOUTH COOGEE PUBLIC SCHOOL,U,151.25394210766007,-33.93337212871904,118021654,South Coogee
117062,517015826,2,Primary School,MAROUBRA BAY PUBLIC SCHOOL,MAROUBRA BAY PUBLIC SCHOOL,U,151.2525664500919,-33.94449996852269,118021567,Maroubra - South
117232,517016010,2,Primary School,MAROUBRA JUNCTION PUBLIC SCHOOL,MAROUBRA JUNCTION PUBLIC SCHOOL,U,151.23992804517303,-33.93687084146484,118021566,Maroubra - North
123657,517331909,1,Embassy,CONSULATE-GENERAL OF THE REPUBLIC OF INDONESIA,CONSULATE-GENERAL OF THE REPUBLIC OF INDONESIA,U,151.24459418221969,-33.942074001641224,118021566,Maroubra - North
123688,517332256,1,Embassy,CONSULATE OF MALAYSIA,CONSULATE OF MALAYSIA,U,151.23811116298504,-33.93781796656464,118021568,Maroubra - West
130576,517467245,1,Retirement Village,SOUTHERN CROSS KILDARE APARTMENTS,SOUTHERN CROSS KILDARE APARTMENTS,U,151.2428949434013,-33.94180246463143,118021566,Maroubra - North
130580,517467251,1,Retirement Village,SOUTHERN CROSS VILLAGE SOUTH COOGEE,SOUTHERN CROSS VILLAGE SOUTH COOGEE,U,151.25728068743038,-33.93708881843042,118021654,South Coogee
130832,517474002,3,Club,JUNIORS AT THE JUNCTION,JUNIORS AT THE JUNCTION,U,151.24041959431338,-33.9438817945577,118021567,Maroubra - South
131325,517490029,1,Retirement Village,ST BRIGID'S GREEN,ST BRIGID'S GREEN,U,151.24369559744096,-33.941913896122024,118021566,Maroubra - North
132373,517571647,1,Community Medical Centre,MENTAL HEALTH THE MAROUBRA CENTRE,MENTAL HEALTH THE MAROUBRA CENTRE,U,151.24113855915442,-33.94239510904736,118021567,Maroubra - South
133981,517590579,3,Park,YANDELL RESERVE,YANDELL RESERVE,U,151.24852636693308,-33.94314329646889,118021567,Maroubra - South
133982,517590580,3,Park,MURABORAH RESERVE,MURABORAH RESERVE,U,151.25434313806082,-33.943874614278144,118021567,Maroubra - South
133988,517590593,3,Park,RYAN AVENUE RESERVE,RYAN AVENUE RESERVE,U,151.25086531942148,-33.93937890932726,118021566,Maroubra - North
133992,517590599,3,Park,HEREWARD RESERVE,HEREWARD RESERVE,U,151.25646645355852,-33.94479913195331,118021567,Maroubra - South
133993,517590600,3,Park,ALLAWAH PARK,ALLAWAH PARK,U,151.25565160973065,-33.940277431963786,118021566,Maroubra - North
134016,517590704,1,Community Facility,MAROUBRA SENIOR CITIZENS CENTRE,MAROUBRA SENIOR CITIZENS CENTRE,U,151.23978079423003,-33.93918919588095,118021566,Maroubra - North
134020,517590718,1,Community Facility,TOTEM HALL,TOTEM HALL,U,151.25723965059157,-33.93462626105115,118021654,South Coogee
136894,517670112,1,Nursing Home,ST BRIGID'S GREEN MAROUBRA,ST BRIGID'S GREEN MAROUBRA,U,151.24369559744096,-33.941913896122024,118021566,Maroubra - North
140071,518275573,5,Filtration Plant,,Filtration Plant,U,151.25331668169468,-33.9390098353231,118021566,Maroubra - North
147370,504379524,3,Park,BEATTY STREET RESERVE,BEATTY STREET RESERVE,U,151.24405658543793,-33.944909657805425,118021567,Maroubra - South
147373,504395227,3,Park,JACK VANNY MEMORIAL PARK,JACK VANNY MEMORIAL PARK,S,151.2633893804827,-33.94263890262519,118021566,Maroubra - North
147430,518400185,3,Park,ASH PLACE RESERVE,ASH PLACE RESERVE,U,151.24963636751895,-33.93355535221696,118021654,South Coogee
147432,518400187,3,Park,SOLANDER PARK,SOLANDER PARK,U,151.2515846256223,-33.933325874099594,118021654,South Coogee
147434,518400189,3,Park,LURLINE BAY RESERVE,LURLINE BAY RESERVE,U,151.2594781354986,-33.93760028510748,118021566,Maroubra - North
147441,518400196,3,Park,JOHNSTON PARADE RESERVE,JOHNSTON PARADE RESERVE,U,151.25412084006228,-33.93749213467651,118021566,Maroubra - North
147442,518400197,3,Park,BYRNE AVENUE RESERVE,BYRNE AVENUE RESERVE,U,151.25331485272474,-33.93589221696489,118021654,South Coogee
147716,504395214,1,Place Of Worship,ST PAUL'S ANGLICAN CHURCH,ST PAUL'S ANGLICAN CHURCH,U,151.25688342186896,-33.933474748147155,118021654,South Coogee
154012,518439430,3,Park,LOCH MAREE STREET RESERVE,LOCH MAREE STREET RESERVE,U,151.24103376169336,-33.93342869109335,118021566,Maroubra - North
154021,518439446,3,Park,,Park,U,151.25041681575297,-33.94212772258117,118021566,Maroubra - North
154033,518439537,3,Park,IAN STREET RESERVE,IAN STREET RESERVE,U,151.24003343462385,-33.93330636904228,118021566,Maroubra - North
154447,518440514,1,Post Office,MAROUBRA POST OFFICE,MAROUBRA POST OFFICE,U,151.239877300241,-33.94191410180993,118021567,Maroubra - South
163877,517014600,2,Combined Primary-Secondary School,LYCEE CONDORCET THE INTERNATIONAL FRENCH SCHOOL OF SYDNEY,LYCEE CONDORCET THE INTERNATIONAL FRENCH SCHOOL OF SYDNEY,U,151.23880310201076,-33.93614793229513,118021566,Maroubra - North
170315,500322440,1,Place Of Worship,HOLY FAMILY CATHOLIC CHURCH,HOLY FAMILY CATHOLIC CHURCH,U,151.2419217238938,-33.94170170941639,118021566,Maroubra - North
170321,504379475,1,Library,BOWEN LIBRARY,BOWEN LIBRARY,U,151.2381209339604,-33.93832306866429,118021568,Maroubra - West
170323,504379484,1,Place Of Worship,MAROUBRA JUNCTION UNITING,MAROUBRA JUNCTION UNITING,U,151.23927816616725,-33.94355690400197,118021568,Maroubra - West
170327,504395219,1,Place Of Worship,ST MARY & JOSEPH CATHOLIC CHURCH,ST MARY & JOSEPH CATHOLIC CHURCH,U,151.257251025958,-33.937340024913084,118021654,South Coogee
170328,504395224,1,Place Of Worship,MAROUBRA BAY ST MARY & JOSEPHS,MAROUBRA BAY ST MARY & JOSEPHS,U,151.2558385356665,-33.93975172147101,118021566,Maroubra - North
2321,500269041,3,Target Range,ANZAC RIFLE RANGE,ANZAC RIFLE RANGE,S,151.25708241397584,-33.957694552374264,118021652,Malabar - La Perouse
2596,500300848,3,Park,RABAUL RESERVE,RABAUL RESERVE,U,151.24255641867637,-33.95643142876085,118021653,Matraville - Chifley
3032,500322497,3,Park,CORAL SEA PARK,CORAL SEA PARK,U,151.2445019072737,-33.94791577359504,118021567,Maroubra - South
26960,504379525,1,Post Office,MAROUBRA SOUTH POST OFFICE,MAROUBRA SOUTH POST OFFICE,U,151.24961217319338,-33.95137240023477,118021567,Maroubra - South
26961,504379526,2,High School,ST SPYRIDON COLLEGE,ST SPYRIDON COLLEGE,U,151.24428840288348,-33.955238008921285,118021567,Maroubra - South
27209,504395231,1,Community Facility,MAROUBRA SLSC,MAROUBRA SLSC,S,151.2565926668559,-33.947382030835406,118021567,Maroubra - South
27210,504395232,3,Park,JOHN SHORE PARK,JOHN SHORE PARK,U,151.25406179469692,-33.946625005282094,118021567,Maroubra - South
27213,504395241,1,Community Facility,SOUTH MAROUBRA SLSC,SOUTH MAROUBRA SLSC,S,151.2556181834189,-33.951301836232126,118021567,Maroubra - South
27214,504395242,1,Ambulance Station,MAROUBRA AMBULANCE STATION,MAROUBRA AMBULANCE STATION,U,151.2549566415858,-33.947070228189546,118021567,Maroubra - South
27215,504395243,3,Park,ARTHUR BYRNE RESERVE,ARTHUR BYRNE RESERVE,S,151.25420578295888,-33.949885957333684,118021567,Maroubra - South
27301,504395412,3,Park,BROAD ARROW RESERVE,BROAD ARROW RESERVE,S,151.2543953346704,-33.94769476681401,118021567,Maroubra - South
27302,504395413,3,Park,,Park,S,151.25616135604363,-33.94779467882731,118021567,Maroubra - South
27304,504395415,3,Park,,Park,S,151.25710763777064,-33.946418475259414,118021567,Maroubra - South
29108,504594070,3,Park,SOUTH MAROUBRA VILLAGE GREEN,SOUTH MAROUBRA VILLAGE GREEN,U,151.24968937081562,-33.95189101136941,118021567,Maroubra - South
51824,511713017,6,Beach,MAROUBRA BEACH,MAROUBRA BEACH,S,151.25724407928593,-33.94952557892573,118021567,Maroubra - South
53123,511751581,8,Suburb,MAROUBRA,MAROUBRA,U,151.2412393501293,-33.9462599383769,118021567,Maroubra - South
109411,515791793,1,Retirement Village,MAROUBRA GARDENS,MAROUBRA GARDENS,U,151.2508652394714,-33.951149044727366,118021567,Maroubra - South
115599,517014266,2,Primary School,ST MARY ST JOSEPH CATHOLIC PRIMARY SCHOOL,ST MARY ST JOSEPH CATHOLIC PRIMARY SCHOOL,U,151.2522008187032,-33.94739429381492,118021567,Maroubra - South
115813,517014487,2,Primary School,MATRAVILLE SOLDIERS SETTLEMENT PUBLIC SCHOOL,MATRAVILLE SOLDIERS SETTLEMENT PUBLIC SCHOOL,U,151.239801348582,-33.95784237716779,118021653,Matraville - Chifley
130354,517464238,3,Club,MAROUBRA SEALS SPORTS AND COMMUNITY CLUB,MAROUBRA SEALS SPORTS AND COMMUNITY CLUB,U,151.25570000646653,-33.946890957265936,118021567,Maroubra - South
131436,517492491,2,Preschool,MATRAVILLE SOLDIERS SETTLEMENT PUB SCH PRESCHOOL,MATRAVILLE SOLDIERS SETTLEMENT PUB SCH PRESCHOOL,U,151.24039526613888,-33.9575663579665,118021653,Matraville - Chifley
132086,517530182,2,Special School,ASPECT SOUTH EAST SYDNEY SCHOOL MAROUBRA,ASPECT SOUTH EAST SYDNEY SCHOOL MAROUBRA,U,151.25257970832712,-33.94722775232714,118021567,Maroubra - South
133983,517590585,3,Park,OCEAN VIEW RESERVE,OCEAN VIEW RESERVE,U,151.2474708222197,-33.9544512589814,118021567,Maroubra - South
134005,517590650,3,Sports Court,MAROUBRA SKATE PARK,MAROUBRA SKATE PARK,S,151.25575233782342,-33.948834034766584,118021567,Maroubra - South
138549,518102066,2,High School,THE BOWEN COLLEGE,THE BOWEN COLLEGE,U,151.25219171068457,-33.947488514364885,118021567,Maroubra - South
147420,518400175,3,Park,SOUTH MAROUBRA VILLAGE GREEN 2,SOUTH MAROUBRA VILLAGE GREEN 2,U,151.24970650168814,-33.9510187174793,118021567,Maroubra - South
147421,518400176,3,Park,CURTIN CRESCENT RESERVE,CURTIN CRESCENT RESERVE,U,151.25087628246118,-33.95149937520224,118021567,Maroubra - South
147433,518400188,3,Park,MANWARING AVENUE RESERVE,MANWARING AVENUE RESERVE,U,151.24639161228853,-33.95722642591827,118021567,Maroubra - South
147438,518400193,3,Park,MALABAR ROAD RESERVE,MALABAR ROAD RESERVE,U,151.24558515962366,-33.95358931828359,118021567,Maroubra - South
154036,518439563,3,Park,LEXINGTON PLACE RESERVE 1,LEXINGTON PLACE RESERVE 1,U,151.24656075427674,-33.949171761068754,118021567,Maroubra - South
154037,518439564,3,Park,LEXINGTON PLACE RESERVE 2,LEXINGTON PLACE RESERVE 2,U,151.2474114175283,-33.94972795822154,118021567,Maroubra - South
154038,518439571,3,Park,MALABAR ROAD RESERVE,MALABAR ROAD RESERVE,U,151.24751896742734,-33.95190831171598,118021567,Maroubra - South
154039,518439574,3,Park,MALABAR WETLAND,MALABAR WETLAND,U,151.245727086252,-33.95714508722629,118021567,Maroubra - South
154049,504379495,3,Park,MEMORIAL RESERVE,MEMORIAL RESERVE,U,151.24112211908638,-33.95371698292588,118021653,Matraville - Chifley
154055,504395414,3,Park,MAROUBRA BEACH PROMENADE,MAROUBRA BEACH PROMENADE,S,151.25674033012572,-33.94694239261237,118021567,Maroubra - South
154445,518440512,1,Post Office,MAROUBRA SOUTH POST OFFICE,MAROUBRA SOUTH POST OFFICE,U,151.2470564437522,-33.94934121613614,118021567,Maroubra - South
3015,500322174,3,Park,HEFFRON PARK,HEFFRON PARK,U,151.234537323425,-33.94897149677348,118021568,Maroubra - West
3016,500322185,3,Park,MATRAVILLE PARK,MATRAVILLE PARK,U,151.2319702186174,-33.953239866744106,118021568,Maroubra - West
3019,500322241,3,Park,NAGLE PARK,NAGLE PARK,U,151.23301410050342,-33.94322659882298,118021568,Maroubra - West
3025,500322318,3,Park,SNAPE PARK,SNAPE PARK,U,151.23441732197782,-33.93522552975208,118021568,Maroubra - West
3033,500322508,3,Sports Field,MARCELLIN SPORTS FIELD,MARCELLIN SPORTS FIELD,U,151.2380513648315,-33.94896915764025,118021568,Maroubra - West
26929,504379465,3,Sports Court,,TENNIS COURTS,U,151.23524261770407,-33.93476341881097,118021568,Maroubra - West
26938,504379488,3,Sports Court,,TENNIS COURTS,U,151.23304725013398,-33.951437783808466,118021568,Maroubra - West
26939,504379489,3,Sports Court,,NETBALL COURTS,U,151.23438933676178,-33.94806637705902,118021568,Maroubra - West
26940,504379490,3,Sports Centre,MATRAVILLE TENNIS SQUASH AND INDOOR CRICKET CENTRE,MATRAVILLE TENNIS SQUASH AND INDOOR CRICKET CENTRE,U,151.23217152298767,-33.951688981481524,118021568,Maroubra - West
29118,504594086,2,Primary School,MOUNT SINAI COLLEGE,MOUNT SINAI COLLEGE,U,151.23669192365082,-33.93527813034947,118021568,Maroubra - West
53135,511751624,8,Urban Place,MAROUBRA JUNCTION,MAROUBRA JUNCTION,U,151.23294501556646,-33.94179240677762,118021568,Maroubra - West
108439,515687631,1,Place Of Worship,,SALVATION ARMY CHURCH,U,151.23718726368165,-33.939561738323626,118021568,Maroubra - West
113744,516880521,4,Parking Area,,Parking Area,U,151.232701114882,-33.94743372670423,118021568,Maroubra - West
113745,516880563,3,Sports Field,,SOCCER FIELDS,U,151.23317748698557,-33.949416137343505,118021568,Maroubra - West
115924,517014601,2,High School,SOUTH SYDNEY HIGH SCHOOL,SOUTH SYDNEY HIGH SCHOOL,U,151.234864579683,-33.94415518651049,118021568,Maroubra - West
134010,517590658,3,Sports Field,,CRICKET GROUND,U,151.23373826479323,-33.93511816856452,118021568,Maroubra - West
134011,517590659,3,Sports Field,,CRICKET GROUND,U,151.23505343340352,-33.935547605794895,118021568,Maroubra - West
145296,504379482,2,High School,CORPUS CHRISTI COLLEGE MAROUBRA,CORPUS CHRISTI COLLEGE MAROUBRA,U,151.23002430871017,-33.94683920815803,118021568,Maroubra - West
147402,518400156,3,Park,WALSH AVENUE DRAINAGE RESERVE,WALSH AVENUE DRAINAGE RESERVE,U,151.2318033538584,-33.94557632731404,118021568,Maroubra - West
154023,518439456,3,Park,,Park,U,151.2370466908144,-33.93977561018965,118021568,Maroubra - West
160583,500322919,1,Police Station,MAROUBRA POLICE STATION,MAROUBRA POLICE STATION,U,151.23726274911493,-33.94104828029419,118021568,Maroubra - West
170313,500322207,1,Place Of Worship,OUR LADY OF ANNUNCIA,OUR LADY OF ANNUNCIA,U,151.22923013601527,-33.9465006744846,118021568,Maroubra - West
170314,500322252,1,Place Of Worship,WILD ST ANGLICAN CHURCH,WILD ST ANGLICAN CHURCH,U,151.2314902065403,-33.943239991431284,118021568,Maroubra - West
170320,504379467,1,Place Of Worship,KINGSFORD-MAROUBRA HEBREW,KINGSFORD-MAROUBRA HEBREW,U,151.23735965936783,-33.935663590316004,118021568,Maroubra - West
170322,504379477,1,Place Of Worship,ST ANDREWS CHURCH,ST ANDREWS CHURCH,U,151.2371854706443,-33.9421992466111,118021568,Maroubra - West
170324,504379486,3,Swimming Pool Facility,DES RENFORD AQUATIC CENTRE,DES RENFORD AQUATIC CENTRE,U,151.23811075065836,-33.95070729999597,118021568,Maroubra - West
2594,500300781,3,Park,FRED HOLLOWS RESERVE,FRED HOLLOWS RESERVE,U,151.24772320300045,-33.91387144750811,118021569,Randwick - North
3116,500324618,3,Park,GLEBE GULLY,GLEBE GULLY,U,151.24795707309653,-33.91251863974958,118021569,Randwick - North
26802,504379237,1,Child Care Centre,RANDWICK COOGEE PRE-SCHOOL,RANDWICK COOGEE PRE-SCHOOL,U,151.2403398418825,-33.911130863000125,118021569,Randwick - North
26817,504379258,1,Fire Station,RANDWICK FIRE STATION,RANDWICK FIRE STATION,U,151.24156727024229,-33.910164779193174,118021569,Randwick - North
26818,504379259,3,Club,RANDWICK BOWLING CLUB,RANDWICK BOWLING CLUB,U,151.2418028704935,-33.91002805150548,118021569,Randwick - North
26819,504379260,3,Sports Field,,BOWLING GREENS,U,151.24192796269344,-33.90979902218441,118021569,Randwick - North
26820,504379264,1,Local Government Chambers,RANDWICK CITY COUNCIL,RANDWICK CITY COUNCIL,U,151.2424419580378,-33.91089160590688,118021569,Randwick - North
26825,504379270,2,High School,MARCELLIN COLLEGE,MARCELLIN COLLEGE,U,151.24062484228781,-33.91331359223186,118021570,Randwick - South
26837,504379289,1,Place Of Worship,RANDWICK PRESBYTERIAN CHURCH,RANDWICK PRESBYTERIAN CHURCH,U,151.23965165871294,-33.91256392533141,118021569,Randwick - North
27176,504395176,1,Post Office,CLOVELLY WEST POST OFFICE,CLOVELLY WEST POST OFFICE,U,151.25485559998094,-33.91144594703465,118021651,Coogee - Clovelly
53100,511749319,8,Suburb,RANDWICK,RANDWICK,U,151.23829340959665,-33.91056814017534,118021569,Randwick - North
67082,512721863,1,General Hospital,EASTERN SUBURBS PRIVATE HOSPITAL,EASTERN SUBURBS PRIVATE HOSPITAL,U,151.24607948725318,-33.91042045918672,118021569,Randwick - North
70591,512862567,1,Community Facility,RANDWICK TOWN HALL,RANDWICK TOWN HALL,U,151.24310999828364,-33.91101599913277,118021569,Randwick - North
108389,515686050,3,Club,RANDWICK LABOR CLUB,RANDWICK LABOR CLUB,U,151.23840190991328,-33.91285591816381,118021570,Randwick - South
109378,515791396,1,Nursing Home,SUMMITCARE RANDWICK,SUMMITCARE RANDWICK,U,151.24543159711743,-33.908500150637174,118021569,Randwick - North
109473,515792775,1,Nursing Home,RANDWICK MONTEFIORE HOME,RANDWICK MONTEFIORE HOME,U,151.23859408829864,-33.90678558298864,118021569,Randwick - North
115783,517014456,2,Primary School,COOGEE BOYS PREPARATORY SCHOOL,COOGEE BOYS PREPARATORY SCHOOL,U,151.23976745604466,-33.91238472713514,118021569,Randwick - North
115972,517014649,2,Special School,CENTENNIAL PARK SCHOOL,CENTENNIAL PARK SCHOOL,U,151.2435582153896,-33.909847374071234,118021569,Randwick - North
117054,517015818,2,Primary School,RANDWICK PUBLIC SCHOOL,RANDWICK PUBLIC SCHOOL,U,151.2428556187514,-33.909879706808155,118021569,Randwick - North
117242,517016021,2,Special School,THE JOSEPH VARGA SCHOOL,THE JOSEPH VARGA SCHOOL,U,151.23743120029874,-33.91210038904451,118021569,Randwick - North
147313,500324629,3,Park,ALISON PARK,ALISON PARK,U,151.24051910339236,-33.91191011981775,118021569,Randwick - North
147382,504594033,3,Park,FRANK DOYLE PARK,FRANK DOYLE PARK,U,151.2418547095736,-33.9082782915454,118021569,Randwick - North
147447,518400203,3,Park,DUTRUC STREET RESERVE,DUTRUC STREET RESERVE,U,151.24537414716008,-33.9128280580682,118021569,Randwick - North
147448,518400204,3,Park,FRED HOLLOWS RESERVE,FRED HOLLOWS RESERVE,U,151.2478823494345,-33.91175788459813,118021569,Randwick - North
147714,504379269,1,Place Of Worship,RANDWICK UNITING CHURCH,RANDWICK UNITING CHURCH,U,151.24344945545988,-33.912130670038046,118021569,Randwick - North
154030,518439525,3,Park,,Park,U,151.24930633097512,-33.909885659090065,118021569,Randwick - North
154060,517590627,3,Park,KYNASTON AVENUE RESERVE,KYNASTON AVENUE RESERVE,U,151.23732016403804,-33.91103022432957,118021569,Randwick - North
154419,500324640,1,Cemetery,ST JUDES CEMETERY,ST JUDES CEMETERY,U,151.24162961511965,-33.911473950720435,118021569,Randwick - North
160654,504379267,1,Police Station,RANDWICK POLICE STATION,RANDWICK POLICE STATION,U,151.24101837894239,-33.91283251317922,118021569,Randwick - North
163901,517873678,2,High School,SATURDAY SCHOOL OF COMMUNITY LANGUAGES RANDWICK CENTRE,SATURDAY SCHOOL OF COMMUNITY LANGUAGES RANDWICK CENTRE,U,151.24336441374854,-33.910540567102785,118021569,Randwick - North
170316,504379266,1,Place Of Worship,ST JUDES ANGLICAN,ST JUDES ANGLICAN,U,151.24245385263043,-33.91183340620728,118021569,Randwick - North
2563,500299937,3,Park,HIGH CROSS PARK,HIGH CROSS PARK,U,151.24134755400186,-33.91772396902348,118021570,Randwick - South
2595,500300826,3,Sports Field,,BOWLING GREEN,U,151.2492731552934,-33.922046265385674,118021651,Coogee - Clovelly
3112,500324529,1,General Hospital,PRINCE OF WALES HOSPITAL,PRINCE OF WALES HOSPITAL,U,151.2394733386375,-33.91777777092483,118021570,Randwick - South
3114,500324574,3,Park,BAKER PARK,BAKER PARK,U,151.2492719452627,-33.92234961570196,118021651,Coogee - Clovelly
26826,504379271,1,Shopping Centre,ROYAL RANDWICK SHOPPING CENTRE,ROYAL RANDWICK SHOPPING CENTRE,U,151.24104922439432,-33.91515266026918,118021570,Randwick - South
26827,504379272,1,Post Office,RANDWICK POST OFFICE,RANDWICK POST OFFICE,U,151.24057142576606,-33.91503034700999,118021570,Randwick - South
26828,504379274,1,Place Of Worship,OUR LADY OF THE SACRED HEART,OUR LADY OF THE SACRED HEART,U,151.2418469732824,-33.916202799816034,118021570,Randwick - South
26829,504379275,1,Community Medical Centre,RANDWICK EARLY CHILDHOOD CENTRE,RANDWICK EARLY CHILDHOOD CENTRE,U,151.24066806652436,-33.91519604571429,118021570,Randwick - South
26831,504379277,1,Shopping Centre,RANDWICK PLAZA,RANDWICK PLAZA,U,151.2404609716137,-33.916296427940836,118021570,Randwick - South
26832,504379278,2,High School,BRIGIDINE COLLEGE RANDWICK,BRIGIDINE COLLEGE RANDWICK,U,151.24319435817364,-33.91905610567704,118021570,Randwick - South
26833,504379279,2,Primary School,CLAREMONT COLLEGE,CLAREMONT COLLEGE,U,151.24454469223406,-33.91827874950779,118021570,Randwick - South
26840,504379297,1,Retirement Village,KOINONIA RETIREMENT VILLAGE,KOINONIA RETIREMENT VILLAGE,U,151.2453306812767,-33.92093533280587,118021570,Randwick - South
26842,504379299,3,Park,,Park,U,151.2475568673492,-33.92112039370278,118021570,Randwick - South
26843,504379300,3,Park,,Park,U,151.24878293386305,-33.92117203544679,118021651,Coogee - Clovelly
26844,504379301,3,Park,LEETE PARK,LEETE PARK,U,151.24908885603134,-33.92347165504602,118021570,Randwick - South
26845,504379302,3,Sports Court,,TENNIS COURTS,U,151.2491722125032,-33.922615540645936,118021651,Coogee - Clovelly
108498,515695276,1,Place Of Worship,GRACEPOINT CHRISTIAN CHURCH,GRACEPOINT CHRISTIAN CHURCH,U,151.24183235320115,-33.9189773037941,118021570,Randwick - South
109401,515791685,1,Nursing Home,MILFORD HOUSE NURSING HOME,MILFORD HOUSE NURSING HOME,U,151.2421019088718,-33.91503594035571,118021570,Randwick - South
109431,515791889,4,Helipad,,Helipad,U,151.23943575222768,-33.91953601950534,118021570,Randwick - South
115782,517014455,2,Primary School,OUR LADY OF THE SACRED HEART SCHOOL,OUR LADY OF THE SACRED HEART SCHOOL,U,151.2427072916266,-33.91571283758987,118021570,Randwick - South
115784,517014457,2,Primary School,COOGEE PUBLIC SCHOOL,COOGEE PUBLIC SCHOOL,U,151.24994565118308,-33.919975227489076,118021651,Coogee - Clovelly
117944,517102293,1,Post Office,ST PAULS POST OFFICE,ST PAULS POST OFFICE,U,151.24264526115965,-33.92096941384033,118021570,Randwick - South
118050,517139346,1,Nursing Home,CATHOLIC HEALTHCARE BRIGIDINE HOUSE,CATHOLIC HEALTHCARE BRIGIDINE HOUSE,U,151.24383442218667,-33.91910742514887,118021570,Randwick - South
128924,517417613,1,Community Medical Centre,RANDWICK DEVELOPMENTAL CLINIC TUMBATIN BUILDING,RANDWICK DEVELOPMENTAL CLINIC TUMBATIN BUILDING,U,151.24002066147884,-33.921025770513204,118021570,Randwick - South
128926,517417633,1,Community Medical Centre,SYDNEY CHILDREN'S COMMUNITY HEALTH CENTRE,SYDNEY CHILDREN'S COMMUNITY HEALTH CENTRE,U,151.24002066147884,-33.921025770513204,118021570,Randwick - South
130193,517458552,3,Club,COOGEE DIGGERS,COOGEE DIGGERS,U,151.24965125619642,-33.92210109845439,118021651,Coogee - Clovelly
132218,517556458,1,Retirement Village,STRATHALLEN VILLAGE,STRATHALLEN VILLAGE,U,151.24358014146907,-33.91868259464651,118021570,Randwick - South
134001,517590631,3,Park,MUNDA STREET RESERVE,MUNDA STREET RESERVE,U,151.2469293977165,-33.93106025541796,118021570,Randwick - South
134018,517590712,1,Community Facility,RANDWICK COMMUNITY CENTRE,RANDWICK COMMUNITY CENTRE,U,151.24682697540104,-33.93043761762962,118021570,Randwick - South
138623,518129150,1,Nursing Home,ST BASIL'S RANDWICK,ST BASIL'S RANDWICK,U,151.24438018555267,-33.91994892768693,118021570,Randwick - South
139585,518261191,4,Railway Station,RANDWICK LIGHT RAIL STOP,RANDWICK LIGHT RAIL STOP,U,151.24059094076728,-33.917081565450275,118021570,Randwick - South
147366,504379290,3,Park,ALBI PLACE RESERVE,ALBI PLACE RESERVE,U,151.24517810512063,-33.91647682855283,118021570,Randwick - South
147368,504379298,3,Park,GREEN ISLAND,GREEN ISLAND,U,151.24651353163887,-33.9206706802876,118021570,Randwick - South
147426,518400181,3,Park,ARGYLE CRESCENT RESERVE,ARGYLE CRESCENT RESERVE,U,151.24985556363475,-33.93224364448296,118021654,South Coogee
147429,518400184,3,Park,ERNEST COLLINS RESERVE,ERNEST COLLINS RESERVE,U,151.24953053879196,-33.925345664688344,118021651,Coogee - Clovelly
154018,518439440,3,Park,,Park,U,151.2403977131497,-33.922124234033184,118021570,Randwick - South
154025,518439463,3,Monument,CAPTAIN COOK'S STATUE,CAPTAIN COOK'S STATUE,U,151.24114949524468,-33.91662814065443,118021570,Randwick - South
154040,518439584,3,Park,MILFORD STREET RESERVE,MILFORD STREET RESERVE,U,151.24357192098591,-33.91555439934265,118021570,Randwick - South
154043,500324562,3,Park,BANGOR PARK,BANGOR PARK,U,151.24746418905968,-33.92595105569844,118021651,Coogee - Clovelly
154059,517590623,3,Park,RANDWICK ENVIRONMENT PARK,RANDWICK ENVIRONMENT PARK,U,151.24837976098036,-33.93161271453784,118021570,Randwick - South
170317,504379276,1,Library,RANDWICK LIBRARY,RANDWICK LIBRARY,U,151.24050187460352,-33.91478286029058,118021570,Randwick - South
170335,518477564,1,Place Of Worship,UNITING CHURCH,UNITING CHURCH,U,151.24536339971598,-33.92094049565111,118021570,Randwick - South
2303,500267260,3,Park,GOLDSTEIN RESERVE,GOLDSTEIN RESERVE,S,151.2575632956221,-33.91984642390509,118021651,Coogee - Clovelly
2304,500267304,3,Park,BLENHEIM PARK,BLENHEIM PARK,U,151.2567432792948,-33.92742196405671,118021651,Coogee - Clovelly
2305,500267315,3,Park,TRENERRY RESERVE,TRENERRY RESERVE,S,151.2602865428975,-33.92746292973821,118021651,Coogee - Clovelly
2308,500267360,3,Park,NEPTUNE PARK,NEPTUNE PARK,U,151.2589109131771,-33.926516539201536,118021651,Coogee - Clovelly
2313,500267637,3,Park,,Park,S,151.2617212817636,-33.91706172792367,118021651,Coogee - Clovelly
2317,500267892,1,Community Facility,CLOVELLY SLSC,CLOVELLY SLSC,S,151.26748059395084,-33.91477405762187,118021651,Coogee - Clovelly
27177,504395179,3,Park,FORSYTH PARK,FORSYTH PARK,S,151.26666134927638,-33.91550666571221,118021651,Coogee - Clovelly
27178,504395181,3,Sports Court,MCCALLUM TENNIS COURTS,MCCALLUM TENNIS COURTS,U,151.25763525786292,-33.91317456973588,118021651,Coogee - Clovelly
27180,504395184,3,Park,BARDON PARK,BARDON PARK,U,151.25336933554675,-33.91686542554216,118021651,Coogee - Clovelly
27182,504395186,3,Sports Court,COOGEE CROQUET CLUB,COOGEE CROQUET CLUB,U,151.25403850587318,-33.9172742727179,118021651,Coogee - Clovelly
27183,504395187,3,Club,COOGEE BOWLING CLUB,COOGEE BOWLING CLUB,U,151.25305538154143,-33.91807970442091,118021651,Coogee - Clovelly
27185,504395192,3,Sports Field,COOGEE OVAL,COOGEE OVAL,U,151.2557244963378,-33.919296385706325,118021651,Coogee - Clovelly
27186,504395193,3,Club,RANDWICK RUGBY CLUB,RANDWICK RUGBY CLUB,U,151.2544124206271,-33.91910733494995,118021651,Coogee - Clovelly
27187,504395196,1,Place Of Worship,ST NICOLAS' ANGLICAN CHURCH,ST NICOLAS' ANGLICAN CHURCH,U,151.25435856482918,-33.92227560915684,118021651,Coogee - Clovelly
27189,504395201,1,Community Facility,COOGEE SLSC,COOGEE SLSC,S,151.257997465772,-33.9232209682026,118021651,Coogee - Clovelly
27191,504395203,1,Community Facility,COOGEE AMATEUR FISHING CLUB,COOGEE AMATEUR FISHING CLUB,S,151.2594240290707,-33.91885118082288,118021651,Coogee - Clovelly
27192,504395204,1,Community Facility,GORDONS BAY FISHING CLUB,GORDONS BAY FISHING CLUB,U,151.26124949016972,-33.91466948411381,118021651,Coogee - Clovelly
27208,504395230,3,Club,COOGEE LEGION EX-SERVICE CLUB,COOGEE LEGION EX-SERVICE CLUB,U,151.25662574372305,-33.92059925520781,118021651,Coogee - Clovelly
27263,504395340,3,Sports Field,,BOWLING GREEN,S,151.27024132073655,-33.91140213101037,118021651,Coogee - Clovelly
27264,504395342,3,Park,BURROWS PARK,BURROWS PARK,S,151.26979954904274,-33.91319540191533,118021651,Coogee - Clovelly
27290,504395395,1,Post Office,COOGEE POST OFFICE,COOGEE POST OFFICE,U,151.25409873521804,-33.921027490962906,118021651,Coogee - Clovelly
27293,504395401,3,Park,DUNNINGHAM RESERVE,DUNNINGHAM RESERVE,S,151.260166139005,-33.918749322769855,118021651,Coogee - Clovelly
27305,504395417,3,Park,GRANT RESERVE,GRANT RESERVE,S,151.25797568342298,-33.92520383604124,118021651,Coogee - Clovelly
51850,511714049,6,Island,WEDDING CAKE ISLAND,WEDDING CAKE ISLAND,S,151.2655670530383,-33.92584555895704,118021651,Coogee - Clovelly
51867,511714575,7,Headland,SHARK POINT,SHARK POINT,S,151.27074895960192,-33.914217573988836,118021651,Coogee - Clovelly
53098,511749317,8,Suburb,CLOVELLY,CLOVELLY,U,151.26271969901478,-33.912591328520286,118021651,Coogee - Clovelly
53099,511749318,8,Suburb,COOGEE,COOGEE,U,151.25399470761323,-33.91692370971948,118021651,Coogee - Clovelly
53687,511779870,7,Headland,DOLPHINS POINT,DOLPHINS POINT,S,151.2605525583076,-33.91976826755852,118021651,Coogee - Clovelly
65318,512411055,7,Headland,TOM CADDY POINT,TOM CADDY POINT,S,151.26811482250773,-33.915186149469214,118021651,Coogee - Clovelly
108074,515675194,3,Sports Field,,BOWLING GREENS,U,151.25331953204906,-33.917856815445106,118021651,Coogee - Clovelly
108075,515675195,3,Sports Court,,TENNIS COURTS,U,151.25434180226594,-33.91806514718254,118021651,Coogee - Clovelly
108333,515683287,1,Place Of Worship,COOGEE SYNAGOGUE,COOGEE SYNAGOGUE,U,151.2543904136993,-33.92179002989831,118021651,Coogee - Clovelly
108808,515714890,2,University,UNIVERSITY OF NEW SOUTH WALES CLIFFBROOK CAMPUS,UNIVERSITY OF NEW SOUTH WALES CLIFFBROOK CAMPUS,U,151.26007386405902,-33.913729081642224,118021651,Coogee - Clovelly
115839,517014513,2,Primary School,ST BRIGID'S CATHOLIC PRIMARY SCHOOL,ST BRIGID'S CATHOLIC PRIMARY SCHOOL,U,151.2530676534265,-33.920071384464194,118021651,Coogee - Clovelly
130264,517461964,1,Community Facility,COOGEE EASTWARD SENIOR CITIZENS HALL,COOGEE EASTWARD SENIOR CITIZENS HALL,U,151.25491167821087,-33.919158599973464,118021651,Coogee - Clovelly
130769,517473556,3,Club,CLOVELLY BOWLING AND REC CLUB,CLOVELLY BOWLING AND REC CLUB,S,151.27038230593047,-33.91184646678245,118021651,Coogee - Clovelly
137553,517792559,3,Park,SEDDON GARDEN,SEDDON GARDEN,U,151.2577826166038,-33.923197984239856,118021651,Coogee - Clovelly
147367,504379293,3,Park,ALBY SMITH MEMORIAL RESERVE,ALBY SMITH MEMORIAL RESERVE,U,151.2513094222434,-33.917801776135015,118021651,Coogee - Clovelly
147372,504395206,3,Park,J V DICK RESERVE,J V DICK RESERVE,U,151.25447581383833,-33.91831379845693,118021651,Coogee - Clovelly
147374,504395419,3,Park,COOGEE BEACH PLAZA,COOGEE BEACH PLAZA,S,151.25702015892998,-33.92161721329457,118021651,Coogee - Clovelly
147446,518400202,3,Park,WARNER AVENUE RESERVE,WARNER AVENUE RESERVE,U,151.26712632894552,-33.912063556523066,118021651,Coogee - Clovelly
147449,518400205,3,Park,MANSON PLACE PARK,MANSON PLACE PARK,U,151.25624206697694,-33.908732810482775,118021651,Coogee - Clovelly
147450,518400206,3,Park,DONNELLAN CIRCUIT RESERVE,DONNELLAN CIRCUIT RESERVE,U,151.26532553738085,-33.9128039992718,118021651,Coogee - Clovelly
147452,518400208,3,Park,GORDONS BAY RESERVE,GORDONS BAY RESERVE,U,151.26175563244178,-33.914499750561525,118021651,Coogee - Clovelly
154020,518439443,3,Park,,Park,U,151.25307853561787,-33.925284001449334,118021651,Coogee - Clovelly
154029,518439523,3,Park,GAME RESERVE,GAME RESERVE,U,151.2658479849737,-33.91430075926815,118021651,Coogee - Clovelly
154052,504395185,1,Community Facility,EASTERN SUBURBS TENNIS CLUB,EASTERN SUBURBS TENNIS CLUB,U,151.25403625559346,-33.9182590919141,118021651,Coogee - Clovelly
154053,504395205,3,Park,BUNDOCK PARK,BUNDOCK PARK,S,151.26815731192238,-33.91394090938639,118021651,Coogee - Clovelly
154054,504395339,3,Sports Field,CLOVELLY BOWLING CLUB,CLOVELLY BOWLING CLUB,S,151.2701807060144,-33.91223250916441,118021651,Coogee - Clovelly
170326,504395197,1,Place Of Worship,ST BRIGIDS CATHOLIC CHURCH,ST BRIGIDS CATHOLIC CHURCH,U,151.25432527236643,-33.92329157784325,118021651,Coogee - Clovelly
170332,504395420,3,Swimming Pool Facility,CLOVELLY SWIMMING BATHS,CLOVELLY SWIMMING BATHS,U,151.26685994612444,-33.914168414980495,118021651,Coogee - Clovelly
2309,500267404,3,Park,RUBIE RESERVE,RUBIE RESERVE,U,151.2526266614704,-33.971353810997776,118021652,Malabar - La Perouse
2314,500267704,3,Golf Course,THE COAST GOLF COURSE,THE COAST GOLF COURSE,S,151.25191004482554,-33.98272749624607,118021652,Malabar - La Perouse
2322,500269063,3,Golf Course,RANDWICK GOLF COURSE,RANDWICK GOLF COURSE,S,151.25642818622575,-33.972218090488234,118021652,Malabar - La Perouse
2564,500300037,1,Place Of Worship,ST AGNES' CATHOLIC CHURCH,ST AGNES' CATHOLIC CHURCH,U,151.23183421727663,-33.95849002428001,118021653,Matraville - Chifley
2791,500304737,3,Park,FRED WILLIAMS RESERVE,FRED WILLIAMS RESERVE,U,151.23505440088908,-33.98069203642676,118021652,Malabar - La Perouse
3011,500322030,3,Park,BICENTENNIAL PARK,BICENTENNIAL PARK,S,151.22994594597301,-33.979046124564256,118021652,Malabar - La Perouse
3014,500322163,1,Fire Station,MATRAVILLE FIRE STATION,MATRAVILLE FIRE STATION,U,151.23058844801363,-33.955719428918975,118021653,Matraville - Chifley
3034,500322552,1,Place Of Worship,ST MARK'S ANGLICAN CHURCH,ST MARK'S ANGLICAN CHURCH,U,151.24747478379012,-33.96229099390971,118021652,Malabar - La Perouse
3036,500322608,3,Park,PIONEERS PARK,PIONEERS PARK,S,151.24818639861547,-33.95905124133724,118021652,Malabar - La Perouse
3037,500322663,3,Park,WOOMERA RESERVE,WOOMERA RESERVE,U,151.23820829691837,-33.97869115119224,118021652,Malabar - La Perouse
3038,500322674,3,Park,LITTLE BAY PARK,LITTLE BAY PARK,U,151.24673804398458,-33.975945429867956,118021652,Malabar - La Perouse
3041,500322752,3,Golf Course,ST MICHAELS GOLF COURSE,ST MICHAELS GOLF COURSE,S,151.24730041720025,-33.98645220957738,118021652,Malabar - La Perouse
3042,500322763,3,Golf Course,NEW SOUTH WALES GOLF COURSE,NEW SOUTH WALES GOLF COURSE,S,151.2451857066646,-33.99386456017418,118021652,Malabar - La Perouse
3044,500322785,1,Place Of Worship,PRAISE EVANGELICAL FREE CHURCH OF AUSTRALIA,PRAISE EVANGELICAL FREE CHURCH OF AUSTRALIA,U,151.23271664944818,-33.95993826300296,118021653,Matraville - Chifley
3046,500322797,3,Park,CROMWELL PARK (NORTH),CROMWELL PARK (NORTH),S,151.250429204419,-33.96144435526173,118021652,Malabar - La Perouse
3051,500322941,3,Park,,Park,S,151.24809475967672,-33.99128435897941,118021652,Malabar - La Perouse
26945,504379500,3,Park,BAIRD RESERVE,BAIRD RESERVE,U,151.22981184456904,-33.95838007265558,118021653,Matraville - Chifley
26946,504379502,3,Sports Field,,BOWLING GREENS,U,151.23224826336744,-33.95949034163596,118021653,Matraville - Chifley
26947,504379503,3,Sports Court,,TENNIS COURTS,U,151.23272920789586,-33.95904260940028,118021653,Matraville - Chifley
26948,504379506,3,Park,CUNNINGHAM RESERVE,CUNNINGHAM RESERVE,U,151.2391335230335,-33.96086312177098,118021653,Matraville - Chifley
26949,504379508,3,Park,FINUCANE RESERVE,FINUCANE RESERVE,U,151.23978228184006,-33.95909527277064,118021653,Matraville - Chifley
26951,504379512,1,Post Office,MALABAR POST OFFICE,MALABAR POST OFFICE,U,151.24699127636822,-33.962878206456345,118021652,Malabar - La Perouse
26964,504379542,3,Park,YARRA RECREATION RESERVE,YARRA RECREATION RESERVE,S,151.23147503040187,-33.980744144100484,118021652,Malabar - La Perouse
26966,504379547,3,Park,ELLA RESERVE,ELLA RESERVE,U,151.25076783694178,-33.973035453209036,118021652,Malabar - La Perouse
26967,504379549,3,Park,DR WALTERS PARK,DR WALTERS PARK,U,151.24083364040425,-33.97302141567324,118021653,Matraville - Chifley
26968,504379550,3,Sports Field,WOMENS ATHLETIC FIELD,WOMENS ATHLETIC FIELD,S,151.23823235649667,-33.974573618752046,118021653,Matraville - Chifley
26969,504379553,3,Sports Field,MACARTNEY OVAL,MACARTNEY OVAL,U,151.24580996661678,-33.978800744324715,118021652,Malabar - La Perouse
26971,504379557,3,Club,ST MICHAELS GOLF CLUB,ST MICHAELS GOLF CLUB,S,151.24666409107712,-33.98469181832593,118021652,Malabar - La Perouse
26972,504379567,3,Monument,MACQUARIE WATCHTOWER,MACQUARIE WATCHTOWER,S,151.23246618657058,-33.9891701414965,118021652,Malabar - La Perouse
26973,504379568,3,Monument,LA PEROUSE MONUMENTS,LA PEROUSE MONUMENTS,S,151.2306719203682,-33.98839048198362,118021652,Malabar - La Perouse
26974,504379569,1,Museum,LA PEROUSE MUSEUM,LA PEROUSE MUSEUM,S,151.2317144404082,-33.98851512621173,118021652,Malabar - La Perouse
26975,504379570,1,Museum,BARE ISLAND FORT,BARE ISLAND FORT,S,151.23111987786098,-33.99185414537561,118021652,Malabar - La Perouse
26976,504379573,3,Monument,FATHER PERE RECEVEURS TOMB,FATHER PERE RECEVEURS TOMB,S,151.23209292668855,-33.98818782374177,118021652,Malabar - La Perouse
27145,504380020,3,Club,NEW SOUTH WALES GOLF CLUB,NEW SOUTH WALES GOLF CLUB,S,151.24036801574474,-33.991166285843384,118021652,Malabar - La Perouse
27216,504395246,1,Community Facility,NSW RIFLE ASSOCIATION,NSW RIFLE ASSOCIATION,S,151.2531307771432,-33.95814450764331,118021652,Malabar - La Perouse
27217,504395247,5,Sewage Works,MALABAR SEWAGE TREATMENT WORKS,MALABAR SEWAGE TREATMENT WORKS,S,151.2518469022442,-33.96085176451463,118021652,Malabar - La Perouse
27218,504395249,3,Park,CROMWELL PARK,CROMWELL PARK,S,151.25137978997458,-33.96365894186819,118021652,Malabar - La Perouse
27219,504395250,3,Club,RANDWICK GOLF CLUB,RANDWICK GOLF CLUB,S,151.25361214298147,-33.96886203040449,118021652,Malabar - La Perouse
27220,504395251,3,Park,DURI RESERVE,DURI RESERVE,U,151.25232891397118,-33.9742436723609,118021652,Malabar - La Perouse
27221,504395252,3,Park,EUCLA RESERVE,EUCLA RESERVE,U,151.25195001536412,-33.97489900174555,118021652,Malabar - La Perouse
27222,504395255,3,Club,THE COAST GOLF AND RECREATION CLUB,THE COAST GOLF AND RECREATION CLUB,S,151.2513724390606,-33.98261858379077,118021652,Malabar - La Perouse
27310,504396582,4,Boat Ramp,,Boat Ramp,S,151.2555010511907,-33.96472520733249,118021652,Malabar - La Perouse
28020,504465722,3,Target Range,,PISTOL RANGE,S,151.25882417724313,-33.95984736815772,118021652,Malabar - La Perouse
28021,504465723,1,Community Facility,MALABAR WIND GENERATOR,MALABAR WIND GENERATOR,S,151.26058326002908,-33.96706595397285,118021652,Malabar - La Perouse
29067,504594021,3,Park,BARE ISLAND HISTORIC SITE,BARE ISLAND HISTORIC SITE,S,151.23137499221514,-33.99218142925547,118021652,Malabar - La Perouse
29072,504594028,3,Park,CANN PARK,CANN PARK,S,151.23377147640767,-33.98834554509654,118021652,Malabar - La Perouse
29101,504594061,3,Park,PURCELL PARK,PURCELL PARK,U,151.22628561212585,-33.96257459670142,118021653,Matraville - Chifley
31580,504772844,1,Community Facility,SOUTH SYDNEY AMATUER FISHING ASSOCIATION,SOUTH SYDNEY AMATUER FISHING ASSOCIATION,U,151.2381582957914,-33.971821452202484,118021653,Matraville - Chifley
31581,504772845,3,Monument,CAPTAIN ARTHUR PHILLIP MONUMENT,CAPTAIN ARTHUR PHILLIP MONUMENT,S,151.23059392504192,-33.97976236436919,118021652,Malabar - La Perouse
31582,504772846,3,Sports Field,YARRA OVAL,YARRA OVAL,S,151.2318210039571,-33.980164085384445,118021652,Malabar - La Perouse
31584,504772850,1,Community Facility,SYDNEY PISTOL CLUB,SYDNEY PISTOL CLUB,S,151.2499211442438,-33.99304752955533,118021652,Malabar - La Perouse
31589,504772856,1,Community Facility,AUSTRIALIAN QUADRIPLEGIC ASSOCIATION,AUSTRIALIAN QUADRIPLEGIC ASSOCIATION,S,151.24237302491613,-33.98372111809557,118021652,Malabar - La Perouse
51788,511711342,8,Suburb,LITTLE BAY,LITTLE BAY,U,151.24173081842122,-33.98388777585224,118021652,Malabar - La Perouse
51790,511711344,7,Headland,TUPIA HEAD,TUPIA HEAD,S,151.25858577155327,-33.976025469273054,118021652,Malabar - La Perouse
51825,511713018,7,Headland,BOORA POINT,BOORA POINT,S,151.26506631682756,-33.96805775551555,118021652,Malabar - La Perouse
51826,511713020,7,Headland,MAGIC POINT,MAGIC POINT,S,151.26433127034628,-33.95890313848755,118021652,Malabar - La Perouse
52491,511726654,6,Island,BARE ISLAND,BARE ISLAND,S,151.23135065505753,-33.99210649953823,118021652,Malabar - La Perouse
52492,511726655,7,Headland,HENRY HEAD,HENRY HEAD,S,151.2385722080333,-33.99806564605608,118021652,Malabar - La Perouse
52511,511727481,7,Headland,LA PEROUSE POINT,LA PEROUSE POINT,S,151.22901840669604,-33.98903145141958,118021652,Malabar - La Perouse
52512,511727507,7,Headland,YARRA POINT,YARRA POINT,S,151.22849676579034,-33.98231257146937,118021652,Malabar - La Perouse
53124,511751582,8,Suburb,MALABAR,MALABAR,U,151.24831141895018,-33.96643796424008,118021652,Malabar - La Perouse
53126,511751584,8,Suburb,LA PEROUSE,LA PEROUSE,S,151.23988840701114,-33.99381256034651,118021652,Malabar - La Perouse
53127,511751585,8,Suburb,PHILLIP BAY,PHILLIP BAY,S,151.2313248123234,-33.98124682597495,118021652,Malabar - La Perouse
53128,511751586,8,Suburb,CHIFLEY,CHIFLEY,U,151.23901825480954,-33.969707665456895,118021653,Matraville - Chifley
53129,511751587,8,Suburb,MATRAVILLE,MATRAVILLE,U,151.23174939116097,-33.96357776429793,118021653,Matraville - Chifley
53130,511751588,8,Urban Place,MALABAR JUNCTION,MALABAR JUNCTION,U,151.24423140118546,-33.96378302184504,118021653,Matraville - Chifley
53811,511790003,7,Headland,BUCHAN POINT,BUCHAN POINT,S,151.25519231370225,-33.97768218303809,118021652,Malabar - La Perouse
64623,512281107,1,Cemetery,COAST HOSPITAL CEMETERY,COAST HOSPITAL CEMETERY,S,151.24971749077895,-33.99085583613946,118021652,Malabar - La Perouse
106772,515400308,3,Park,THE COAST HOSPITAL MEMORIAL PARK,THE COAST HOSPITAL MEMORIAL PARK,U,151.24799150372468,-33.980795310926645,118021652,Malabar - La Perouse
106773,515400326,3,Park,BOB-A-DAY PARK,BOB-A-DAY PARK,S,151.24636157442205,-33.98331861686527,118021652,Malabar - La Perouse
106774,515400333,3,Park,TIMBERY,TIMBERY,S,151.23034208235205,-33.98788515496278,118021652,Malabar - La Perouse
107684,515614199,3,Park,BARWON PARK,BARWON PARK,U,151.23595758504206,-33.959972532581595,118021653,Matraville - Chifley
109226,515790126,1,Nursing Home,DOROTHY BOYT HOUSE,DOROTHY BOYT HOUSE,U,151.2490486977449,-33.96644145098624,118021652,Malabar - La Perouse
109374,515791363,1,Nursing Home,CATHOLIC HEALTHCARE ST JAMES VILLA,CATHOLIC HEALTHCARE ST JAMES VILLA,U,151.24431611950325,-33.963024319033025,118021653,Matraville - Chifley
109472,515792666,1,Retirement Village,MIRRABOOKA VILLAGE,MIRRABOOKA VILLAGE,U,151.24357833046545,-33.979578073810416,118021652,Malabar - La Perouse
113560,516779683,1,SES Facility,LIFE SAVER RESCUE HELICOPTER,LIFE SAVER RESCUE HELICOPTER,S,151.24932913560693,-33.99366413446957,118021652,Malabar - La Perouse
113591,516841355,1,Psychiatric Hospital,JUSTICE HEALTH SERVICES,JUSTICE HEALTH SERVICES,U,151.24265876912654,-33.97009526782209,118021652,Malabar - La Perouse
115588,517014252,2,Primary School,MALABAR PUBLIC SCHOOL,MALABAR PUBLIC SCHOOL,S,151.24839750899542,-33.96184870202429,118021652,Malabar - La Perouse
115815,517014489,2,Primary School,ST ANDREW'S CATHOLIC PRIMARY SCHOOL,ST ANDREW'S CATHOLIC PRIMARY SCHOOL,U,151.24750593377092,-33.964159849460124,118021652,Malabar - La Perouse
115827,517014501,2,Primary School,LA PEROUSE PUBLIC SCHOOL,LA PEROUSE PUBLIC SCHOOL,S,151.2352275583466,-33.97902314077532,118021652,Malabar - La Perouse
115841,517014515,2,Primary School,CHIFLEY PUBLIC SCHOOL,CHIFLEY PUBLIC SCHOOL,U,151.2421926333256,-33.96601230968924,118021653,Matraville - Chifley
115928,517014605,2,High School,MATRAVILLE SPORTS HIGH SCHOOL,MATRAVILLE SPORTS HIGH SCHOOL,U,151.24507166643755,-33.96453768122041,118021653,Matraville - Chifley
119414,517204517,1,Retirement Village,LITTLE BAY APARTMENTS,LITTLE BAY APARTMENTS,U,151.247556114561,-33.980008103115594,118021652,Malabar - La Perouse
120694,517210949,1,Nursing Home,MARK MORAN AT LITTLE BAY,MARK MORAN AT LITTLE BAY,U,151.24491807788021,-33.981162197673626,118021652,Malabar - La Perouse
122223,517234693,1,Library,MALABAR COMMUNITY LIBRARY,MALABAR COMMUNITY LIBRARY,U,151.2460059466724,-33.96223843831731,118021653,Matraville - Chifley
123099,517268797,4,Boat Ramp,,Boat Ramp,S,151.2288487814142,-33.9802064760234,118021652,Malabar - La Perouse
128923,517417586,1,Community Medical Centre,MALABAR ABORIGINAL EARLY CHILDHOOD HEALTH CENTRE,MALABAR ABORIGINAL EARLY CHILDHOOD HEALTH CENTRE,U,151.2472156890009,-33.96310487873128,118021652,Malabar - La Perouse
130349,517464179,3,Club,MALABAR RSL S/B CLUB,MALABAR RSL S/B CLUB,U,151.24896829044218,-33.96382809241498,118021652,Malabar - La Perouse
130360,517464304,3,Club,MATRAVILLE RSL SUB BRANCH CLUB,MATRAVILLE RSL SUB BRANCH CLUB,U,151.23215287755565,-33.959936039659816,118021653,Matraville - Chifley
130602,517467607,3,Club,YARRA BAY 16' SKIFF SAILING CLUB,YARRA BAY 16' SKIFF SAILING CLUB,S,151.2295167506932,-33.98056355562568,118021652,Malabar - La Perouse
131757,517508294,3,Park,BURRIBURRI PARK,BURRIBURRI PARK,U,151.24658994054033,-33.976762568288535,118021652,Malabar - La Perouse
132374,517571648,1,Community Medical Centre,LA PEROUSE ABORIGINAL COMMUNITY HEALTH CENTRE,LA PEROUSE ABORIGINAL COMMUNITY HEALTH CENTRE,S,151.23096348296664,-33.98158034006842,118021652,Malabar - La Perouse
133963,517590523,3,Sports Field,CHIFLEY SPORTS RESERVE,CHIFLEY SPORTS RESERVE,S,151.23787834212132,-33.97325340310645,118021653,Matraville - Chifley
133976,517590558,3,Park,BOULEVARDE RESERVE,BOULEVARDE RESERVE,U,151.25002158487573,-33.966956190004275,118021652,Malabar - La Perouse
133977,517590573,3,Park,KOOLOORA RESERVE,KOOLOORA RESERVE,U,151.24724300227714,-33.97469939174083,118021652,Malabar - La Perouse
133978,517590574,3,Park,LUCAS RESERVE,LUCAS RESERVE,U,151.2500928311592,-33.9710723599574,118021652,Malabar - La Perouse
133995,517590603,3,Park,BLAXLAND RESERVE,BLAXLAND RESERVE,U,151.24090365779242,-33.961365803460005,118021653,Matraville - Chifley
133996,517590604,3,Park,HURLEY RESERVE,HURLEY RESERVE,U,151.2426029774592,-33.95985231629344,118021653,Matraville - Chifley
133997,517590609,3,Park,WASSELL STREET RESERVE,WASSELL STREET RESERVE,U,151.23741772736614,-33.964661625807025,118021653,Matraville - Chifley
134008,517590654,3,Sports Field,,BASEBALL FIELD,S,151.248549314397,-33.96007326989284,118021652,Malabar - La Perouse
134009,517590656,3,Sports Field,,FOOTBALL FIELD,S,151.24807424125734,-33.96061543816644,118021652,Malabar - La Perouse
134015,517590685,1,Community Facility,MALABAR MEMORIAL HALL,MALABAR MEMORIAL HALL,U,151.2459274222385,-33.96231933776543,118021653,Matraville - Chifley
134017,517590706,1,Community Facility,MATRAVILLE YOUTH AND CULTURAL HALL,MATRAVILLE YOUTH AND CULTURAL HALL,U,151.23721053453906,-33.95729722344352,118021653,Matraville - Chifley
140798,518309601,3,Historic Site,HAPPY VALLEY CAMP,HAPPY VALLEY CAMP,S,151.23526093165776,-33.988020977778646,118021652,Malabar - La Perouse
140800,518309603,3,Historic Site,,MILITARY FORTIFICATIONS,S,151.25041261163742,-33.99432217113823,118021652,Malabar - La Perouse
141617,518353077,1,Community Facility,PRINCE HENRY COMMUNITY CENTRE,PRINCE HENRY COMMUNITY CENTRE,S,151.24950099320228,-33.980538770315285,118021652,Malabar - La Perouse
141972,518309602,3,Ship Wreck,SS MINMI,SS MINMI,S,151.2478993716108,-34.0009940974683,118021652,Malabar - La Perouse
145302,517015833,2,Primary School,SACRED HEART PRIMARY SCHOOL MATRAVILLE,SACRED HEART PRIMARY SCHOOL MATRAVILLE,U,151.23179918567547,-33.95867210959782,118021653,Matraville - Chifley
145810,504380019,1,Community Facility,NPWS LA PEROUSE,NPWS LA PEROUSE,S,151.23952206685175,-33.98948064502803,118021652,Malabar - La Perouse
147310,500322708,3,Park,MCKENZIE AVENUE RESERVE,MCKENZIE AVENUE RESERVE,U,151.24357669912487,-33.97809475036784,118021653,Matraville - Chifley
147395,517590546,3,Park,FRENCHMANS BAY RESERVE,FRENCHMANS BAY RESERVE,S,151.2315047906889,-33.98520434261613,118021652,Malabar - La Perouse
147401,518400155,3,Park,BOTANY ROAD RESERVE,BOTANY ROAD RESERVE,S,151.2293005306959,-33.96670439146599,118021653,Matraville - Chifley
147403,518400157,3,Park,SOLANDER STREET RESERVE,SOLANDER STREET RESERVE,U,151.22749331168538,-33.95826630149211,118021653,Matraville - Chifley
147404,518400158,3,Park,YARRA ROAD RESERVE,YARRA ROAD RESERVE,U,151.23643167183158,-33.97911206343654,118021652,Malabar - La Perouse
147405,518400159,3,Park,LEICHHARDT STREET RESERVE,LEICHHARDT STREET RESERVE,S,151.23456387403155,-33.96857564956458,118021653,Matraville - Chifley
147406,518400160,3,Park,BUNNERONG ROAD ROADSIDE RESERVE,BUNNERONG ROAD ROADSIDE RESERVE,S,151.23708044860444,-33.977827919318436,118021652,Malabar - La Perouse
147407,518400161,3,Park,KNOWLES AVENUE DRAINAGE RESERVE,KNOWLES AVENUE DRAINAGE RESERVE,U,151.23684690998678,-33.95813387650042,118021653,Matraville - Chifley
147408,518400162,3,Park,ANZAC PARADE RESERVE 4,ANZAC PARADE RESERVE 4,U,151.2348895357799,-33.98509878300484,118021652,Malabar - La Perouse
147409,518400163,3,Park,ANZAC PARADE RESERVE 3,ANZAC PARADE RESERVE 3,U,151.2356071288935,-33.98363345910399,118021652,Malabar - La Perouse
147410,518400164,3,Park,ANZAC PARADE RESERVE 2,ANZAC PARADE RESERVE 2,U,151.23646438128767,-33.982450876973786,118021652,Malabar - La Perouse
147411,518400165,3,Park,ANZAC PARADE RESERVE 5,ANZAC PARADE RESERVE 5,S,151.23381068517483,-33.98707048165518,118021652,Malabar - La Perouse
147412,518400166,3,Park,GROSE STREET RESERVE,GROSE STREET RESERVE,U,151.23943158404478,-33.985067256471844,118021652,Malabar - La Perouse
147414,518400168,3,Park,ELAROO AVENUE RESERVE,ELAROO AVENUE RESERVE,U,151.23260341590833,-33.98308917535386,118021652,Malabar - La Perouse
147415,518400170,3,Park,ANZAC PARADE RESERVE 6,ANZAC PARADE RESERVE 6,S,151.23477664359987,-33.98615848632645,118021652,Malabar - La Perouse
147416,518400171,3,Park,PILLARS PLACE RESERVE,PILLARS PLACE RESERVE,U,151.23202219154643,-33.95765898315454,118021653,Matraville - Chifley
147417,518400172,3,Park,BUNNERONG ROAD RESERVE,BUNNERONG ROAD RESERVE,S,151.23562382048982,-33.97073652421592,118021653,Matraville - Chifley
147419,518400174,3,Park,GABEE RESERVE,GABEE RESERVE,U,151.24984340853072,-33.973472250133625,118021652,Malabar - La Perouse
147422,518400177,3,Park,CROMWELL PARK (SOUTH),CROMWELL PARK (SOUTH),U,151.25356606839057,-33.967300953393334,118021652,Malabar - La Perouse
147423,518400178,3,Park,JENNIFER ST RESERVE,JENNIFER ST RESERVE,S,151.24363910598603,-33.98321217892807,118021652,Malabar - La Perouse
147424,518400179,3,Park,HARVEY STREET RESERVE,HARVEY STREET RESERVE,U,151.24343533663856,-33.98214063379761,118021652,Malabar - La Perouse
147425,518400180,3,Park,ANZAC PARADE RESERVE 1,ANZAC PARADE RESERVE 1,U,151.24648819016468,-33.96390884879115,118021652,Malabar - La Perouse
147431,518400186,3,Park,JENNER ST RESERVE,JENNER ST RESERVE,U,151.24566508183617,-33.977718594597384,118021652,Malabar - La Perouse
147436,518400191,3,Park,,Park,U,151.2482316036372,-33.979427891138556,118021652,Malabar - La Perouse
147437,518400192,3,Park,BILGA CRESCENT RESERVE,BILGA CRESCENT RESERVE,U,151.25177257294263,-33.97552309175212,118021652,Malabar - La Perouse
147440,518400195,3,Park,JOHN MEWBURN RESERVE,JOHN MEWBURN RESERVE,U,151.24721247123557,-33.9673406549512,118021652,Malabar - La Perouse
147443,518400198,3,Park,GIBSON PLACE RESERVE,GIBSON PLACE RESERVE,U,151.24152280004245,-33.9679985929456,118021653,Matraville - Chifley
147721,518400469,1,Place Of Worship,OUR LADY OF GOOD COUNSEL CATHOLIC CHURCH,OUR LADY OF GOOD COUNSEL CATHOLIC CHURCH,U,151.23519745759805,-33.979735176475224,118021652,Malabar - La Perouse
148382,504403565,6,Rock Awash,BROWN ROCKS,BROWN ROCKS,S,151.23726960685386,-33.99378417112931,118021652,Malabar - La Perouse
148526,518402171,1,Gaol,SPECIAL PURPOSE CENTRE,SPECIAL PURPOSE CENTRE,U,151.24689722635125,-33.97259398601291,118021652,Malabar - La Perouse
153444,504772855,1,Place Of Worship,THE COAST CHAPEL,THE COAST CHAPEL,S,151.25013601946313,-33.98032397590779,118021652,Malabar - La Perouse
154013,518439431,3,Park,,Park,S,151.23076063708731,-33.97829347264181,118021652,Malabar - La Perouse
154014,518439432,3,Park,,Park,S,151.23047819059232,-33.97751202905739,118021652,Malabar - La Perouse
154016,518439434,3,Park,ABORIGINAL LAND,ABORIGINAL LAND,S,151.2419231944359,-33.98462429273555,118021652,Malabar - La Perouse
154017,518439436,3,Park,,Park,U,151.24217850641944,-33.971616365286884,118021653,Matraville - Chifley
154022,518439452,3,Park,BOTANY BAY NATIONAL PARK,BOTANY BAY NATIONAL PARK,S,151.2508413685394,-33.99322970398919,118021652,Malabar - La Perouse
154024,518439461,3,Park,CALEY STREET RESERVE,CALEY STREET RESERVE,U,151.2390255338583,-33.96369128398001,118021653,Matraville - Chifley
154032,518439533,3,Park,GUBBUTEH ROAD RESERVE,GUBBUTEH ROAD RESERVE,U,151.24769278784157,-33.97751488811489,118021652,Malabar - La Perouse
154034,518439541,3,Park,JENNIFER STREET RESERVE,JENNIFER STREET RESERVE,U,151.24103795682575,-33.984638303029975,118021652,Malabar - La Perouse
154035,518439562,3,Park,LAWSON STREET RESERVE,LAWSON STREET RESERVE,U,151.24099362047485,-33.95979997601542,118021653,Matraville - Chifley
154042,500322052,3,Park,FRENCHMANS BAY RESERVE,FRENCHMANS BAY RESERVE,S,151.23158820105965,-33.98369039850157,118021652,Malabar - La Perouse
154050,504379511,3,Park,BLIGH STREET RESERVE,BLIGH STREET RESERVE,U,151.24351951776384,-33.96382663136385,118021653,Matraville - Chifley
154051,504379556,3,Golf Course,CULLENS GOLF DRIVING RANGE,CULLENS GOLF DRIVING RANGE,S,151.24306929292322,-33.985197171782964,118021652,Malabar - La Perouse
154057,504772853,3,Park,BURKE RESERVE,BURKE RESERVE,U,151.24491425914195,-33.96379302569123,118021653,Matraville - Chifley
154058,504772854,3,Park,BOB CLARKE MEMORIAL GROVE,BOB CLARKE MEMORIAL GROVE,U,151.2458374505729,-33.96442242223376,118021653,Matraville - Chifley
154062,518400173,3,Sports Field,BUNNERONG EQUESTRIAN PARK,BUNNERONG EQUESTRIAN PARK,U,151.23273282002162,-33.96643636838314,118021653,Matraville - Chifley
154446,518440513,1,Post Office,MATRAVILLE POST OFFICE,MATRAVILLE POST OFFICE,U,151.2312674153666,-33.95761044307111,118021653,Matraville - Chifley
164139,504379544,1,Gaol,LONG BAY CORRECTIONAL COMPLEX,LONG BAY CORRECTIONAL COMPLEX,U,151.2461478912671,-33.96972924147446,118021652,Malabar - La Perouse
164161,517496348,1,Gaol,METROPOLITAN SPECIAL PROGRAMS CENTRE,METROPOLITAN SPECIAL PROGRAMS CENTRE,U,151.2448193395557,-33.9686739479495,118021652,Malabar - La Perouse
164166,518402172,1,General Hospital,LONG BAY HOSPITAL,LONG BAY HOSPITAL,U,151.24454684369917,-33.97173602557975,118021652,Malabar - La Perouse
164168,518417457,1,Gaol,LONG BAY HOSPITAL CORRECTIONAL CENTRE,LONG BAY HOSPITAL CORRECTIONAL CENTRE,U,151.24351167457306,-33.97116589869651,118021652,Malabar - La Perouse
170319,504379462,1,Place Of Worship,EAST SYDNEY COMMUNITY CHURCH,EAST SYDNEY COMMUNITY CHURCH,U,151.23108453274787,-33.96273163615961,118021653,Matraville - Chifley
170325,504379518,1,Place Of Worship,MATRAVILLE JEHOVAHS WITNESS,MATRAVILLE JEHOVAHS WITNESS,U,151.23203926852,-33.96462420135275,118021653,Matraville - Chifley
170333,504772847,1,Place Of Worship,OUR LADY OF GOOD COUNSEL,OUR LADY OF GOOD COUNSEL,U,151.23472061837055,-33.979826546178835,118021652,Malabar - La Perouse
170334,518477562,1,Place Of Worship,ST ANDREWS CATHOLIC CHURCH,ST ANDREWS CATHOLIC CHURCH,U,151.24718923631073,-33.96388862654942,118021652,Malabar - La Perouse
2306,500267326,1,Cemetery,RANDWICK CEMETERY,RANDWICK CEMETERY,U,151.25493887470608,-33.92949622942504,118021654,South Coogee
27195,504395207,3,Park,EMILY MCCARTHY PARK,EMILY MCCARTHY PARK,U,151.25380938696676,-33.92977092125383,118021654,South Coogee
27196,504395208,3,Park,ELPHINSTONE ROAD RESERVE,ELPHINSTONE ROAD RESERVE,U,151.2515247816547,-33.929108653794536,118021654,South Coogee
147428,518400183,3,Park,BLOOMFIELD STREET GARDEN,BLOOMFIELD STREET GARDEN,U,151.25888905896284,-33.9304356812195,118021654,South Coogee
147435,518400190,3,Park,WISDOM STREET RESERVE,WISDOM STREET RESERVE,U,151.25868534351426,-33.931345937436596,118021654,South Coogee
147439,518400194,3,Park,GARNET STREET ROAD RESERVE,GARNET STREET ROAD RESERVE,U,151.2576833141373,-33.929289250884594,118021654,South Coogee
163752,518400182,3,Park,JACARANDA PLAYGROUND,JACARANDA PLAYGROUND,U,151.25288057477707,-33.93182994770384,118021654,South Coogee
